method,query_id,P@10,R@10,MRR@10,nDCG@10,Hit@10,relevant_in_top10,total_relevant,first_relevant_rank
BGE-large SA,q01,0.9000000000,0.3214285714,1.0000000000,0.9363792118,1.0000000000,9,28,1
BGE-large SA,q02,0.9000000000,0.4090909091,1.0000000000,0.7723480630,1.0000000000,9,22,1
BGE-large SA,q03,0.2000000000,0.2222222222,1.0000000000,0.2915003043,1.0000000000,2,9,1
BGE-large SA,q04,0.6000000000,0.3750000000,1.0000000000,0.5339030777,1.0000000000,6,16,1
BGE-large SA,q05,1.0000000000,1.0000000000,1.0000000000,1.0000000000,1.0000000000,10,10,1
BGE-large SA,q06,1.0000000000,0.2857142857,1.0000000000,1.0000000000,1.0000000000,10,35,1
BGE-large SA,q07,1.0000000000,0.3333333333,1.0000000000,0.9243013295,1.0000000000,10,30,1
BGE-large SA,q08,1.0000000000,0.9090909091,1.0000000000,1.0000000000,1.0000000000,10,11,1
BGE-large SA,q09,1.0000000000,0.2631578947,1.0000000000,1.0000000000,1.0000000000,10,38,1
BGE-large SA,q10,1.0000000000,0.6250000000,1.0000000000,1.0000000000,1.0000000000,10,16,1
BGE-large SA,q11,0.1000000000,0.0625000000,0.3333333333,0.1274173355,1.0000000000,1,16,3
BGE-large SA,q12,0.9000000000,0.3750000000,1.0000000000,0.8938076530,1.0000000000,9,24,1
BGE-large SA,q13,1.0000000000,0.4166666667,1.0000000000,0.9574284412,1.0000000000,10,24,1
BGE-large SA,q14,0.9000000000,0.2647058824,1.0000000000,0.9216017310,1.0000000000,9,34,1
BGE-large SA,q15,0.9000000000,0.2368421053,1.0000000000,0.9363792118,1.0000000000,9,38,1
BGE-large SA,q16,1.0000000000,0.3448275862,1.0000000000,1.0000000000,1.0000000000,10,29,1
BGE-large SA,q17,1.0000000000,0.4545454545,1.0000000000,1.0000000000,1.0000000000,10,22,1
BGE-large SA,q18,1.0000000000,0.3703703704,1.0000000000,1.0000000000,1.0000000000,10,27,1
BGE-large SA,q19,1.0000000000,0.4545454545,1.0000000000,1.0000000000,1.0000000000,10,22,1
BGE-large SA,q20,0.9000000000,0.3913043478,1.0000000000,0.9266360779,1.0000000000,9,23,1
BGE-large SA,q21,0.2000000000,0.1538461538,0.3333333333,0.1736666713,1.0000000000,2,13,3
BGE-large SA,q22,0.9000000000,0.4736842105,1.0000000000,0.9456973440,1.0000000000,9,19,1
BGE-large SA,q23,0.2000000000,0.1428571429,0.5000000000,0.1382291268,1.0000000000,2,14,2
BGE-large SA,q24,0.9000000000,0.2571428571,1.0000000000,0.9337457765,1.0000000000,9,35,1
BGE-large SA,q25,0.2000000000,0.3333333333,0.5000000000,0.3395442245,1.0000000000,2,6,2
BGE-large SA,q26,1.0000000000,0.5263157895,1.0000000000,1.0000000000,1.0000000000,10,19,1
BGE-large SA,q27,0.8000000000,0.5714285714,1.0000000000,0.8128644983,1.0000000000,8,14,1
BGE-large SA,q28,1.0000000000,0.4347826087,1.0000000000,0.9668728883,1.0000000000,10,23,1
BGE-large SA,q29,0.3000000000,0.1764705882,0.3333333333,0.2899773652,1.0000000000,3,17,3
BGE-large SA,q30,1.0000000000,0.5555555556,1.0000000000,0.9289904714,1.0000000000,10,18,1
BGE-large SA,q31,0.3000000000,0.4285714286,1.0000000000,0.4367168022,1.0000000000,3,7,1
BGE-large SA,q32,1.0000000000,0.3125000000,1.0000000000,1.0000000000,1.0000000000,10,32,1
BGE-large SA,q33,1.0000000000,0.3333333333,1.0000000000,0.9633180390,1.0000000000,10,30,1
BGE-large SA,q34,1.0000000000,0.3125000000,1.0000000000,1.0000000000,1.0000000000,10,32,1
BGE-large SA,q35,1.0000000000,0.3846153846,1.0000000000,1.0000000000,1.0000000000,10,26,1
BGE-large SA,q36,0.6000000000,0.4000000000,1.0000000000,0.7914198148,1.0000000000,6,15,1
BGE-large SA,q37,1.0000000000,0.5882352941,1.0000000000,1.0000000000,1.0000000000,10,17,1
BGE-large SA,q38,0.8000000000,0.2500000000,1.0000000000,0.8145541331,1.0000000000,8,32,1
BGE-large SA,q39,1.0000000000,0.9090909091,1.0000000000,1.0000000000,1.0000000000,10,11,1
BGE-large SA,q40,0.9000000000,0.4500000000,1.0000000000,0.8771228600,1.0000000000,9,20,1
BGE-large SA,q41,1.0000000000,0.2222222222,1.0000000000,1.0000000000,1.0000000000,10,45,1
BGE-large SA,q42,1.0000000000,0.3333333333,1.0000000000,1.0000000000,1.0000000000,10,30,1
BGE-large SA,q43,0.9000000000,0.3461538462,1.0000000000,0.8669479899,1.0000000000,9,26,1
BGE-large SA,q44,0.8000000000,0.4705882353,1.0000000000,0.8553475076,1.0000000000,8,17,1
BGE-large SA,q45,0.8000000000,0.2580645161,1.0000000000,0.7663491918,1.0000000000,8,31,1
BGE-large SA,q46,1.0000000000,0.4545454545,1.0000000000,1.0000000000,1.0000000000,10,22,1
BGE-large SA,q47,0.7000000000,0.3333333333,1.0000000000,0.8078779675,1.0000000000,7,21,1
BGE-large SA,q48,1.0000000000,0.5882352941,1.0000000000,1.0000000000,1.0000000000,10,17,1
BGE-large SA,q49,0.4000000000,0.2857142857,1.0000000000,0.4977329209,1.0000000000,4,14,1
BGE-large SA,q50,1.0000000000,0.2439024390,1.0000000000,1.0000000000,1.0000000000,10,41,1
BGE-large SA,q51,1.0000000000,0.2857142857,1.0000000000,1.0000000000,1.0000000000,10,35,1
BGE-large SA,q52,1.0000000000,0.1449275362,1.0000000000,0.9449770584,1.0000000000,10,69,1
BGE-large SA,q53,1.0000000000,0.2941176471,1.0000000000,1.0000000000,1.0000000000,10,34,1
BGE-large SA,q54,0.4000000000,0.1600000000,0.5000000000,0.3671785564,1.0000000000,4,25,2
BGE-large SA,q55,0.4000000000,0.2857142857,0.5000000000,0.3764459523,1.0000000000,4,14,2
BGE-large SA,q56,1.0000000000,0.3571428571,1.0000000000,0.9681896059,1.0000000000,10,28,1
BGE-large SA,q57,0.9000000000,0.2812500000,1.0000000000,0.9305687781,1.0000000000,9,32,1
BGE-large SA,q58,1.0000000000,0.3846153846,1.0000000000,1.0000000000,1.0000000000,10,26,1
BGE-large SA,q59,0.6000000000,0.6000000000,1.0000000000,0.7222954974,1.0000000000,6,10,1
BGE-large SA,q60,1.0000000000,0.3125000000,1.0000000000,0.8473825580,1.0000000000,10,32,1
BGE-large plain,q01,0.7000000000,0.2500000000,1.0000000000,0.7000949683,1.0000000000,7,28,1
BGE-large plain,q02,0.9000000000,0.4090909091,1.0000000000,0.7617375606,1.0000000000,9,22,1
BGE-large plain,q03,0.1000000000,0.1111111111,0.5000000000,0.1976156093,1.0000000000,1,9,2
BGE-large plain,q04,0.4000000000,0.2500000000,0.2500000000,0.3184097609,1.0000000000,4,16,4
BGE-large plain,q05,1.0000000000,1.0000000000,1.0000000000,1.0000000000,1.0000000000,10,10,1
BGE-large plain,q06,1.0000000000,0.2857142857,1.0000000000,1.0000000000,1.0000000000,10,35,1
BGE-large plain,q07,1.0000000000,0.3333333333,1.0000000000,0.7335517274,1.0000000000,10,30,1
BGE-large plain,q08,1.0000000000,0.9090909091,1.0000000000,1.0000000000,1.0000000000,10,11,1
BGE-large plain,q09,1.0000000000,0.2631578947,1.0000000000,1.0000000000,1.0000000000,10,38,1
BGE-large plain,q10,1.0000000000,0.6250000000,1.0000000000,1.0000000000,1.0000000000,10,16,1
BGE-large plain,q11,0.0000000000,0.0000000000,0.0000000000,0.0000000000,0.0000000000,0,16,0
BGE-large plain,q12,1.0000000000,0.4166666667,1.0000000000,0.9633180390,1.0000000000,10,24,1
BGE-large plain,q13,0.7000000000,0.2916666667,1.0000000000,0.7670273914,1.0000000000,7,24,1
BGE-large plain,q14,0.9000000000,0.2647058824,0.5000000000,0.7467811220,1.0000000000,9,34,2
BGE-large plain,q15,1.0000000000,0.2631578947,1.0000000000,0.8899541169,1.0000000000,10,38,1
BGE-large plain,q16,1.0000000000,0.3448275862,1.0000000000,1.0000000000,1.0000000000,10,29,1
BGE-large plain,q17,1.0000000000,0.4545454545,1.0000000000,1.0000000000,1.0000000000,10,22,1
BGE-large plain,q18,1.0000000000,0.3703703704,1.0000000000,1.0000000000,1.0000000000,10,27,1
BGE-large plain,q19,1.0000000000,0.4545454545,1.0000000000,1.0000000000,1.0000000000,10,22,1
BGE-large plain,q20,0.3000000000,0.1304347826,1.0000000000,0.4373524792,1.0000000000,3,23,1
BGE-large plain,q21,0.1000000000,0.0769230769,0.1428571429,0.0733639221,1.0000000000,1,13,7
BGE-large plain,q22,0.8000000000,0.4210526316,1.0000000000,0.8455491977,1.0000000000,8,19,1
BGE-large plain,q23,0.1000000000,0.0714285714,1.0000000000,0.1222260944,1.0000000000,1,14,1
BGE-large plain,q24,0.2000000000,0.0571428571,0.1428571429,0.1396181456,1.0000000000,2,35,7
BGE-large plain,q25,0.1000000000,0.1666666667,0.2500000000,0.1377476154,1.0000000000,1,6,4
BGE-large plain,q26,1.0000000000,0.5263157895,1.0000000000,1.0000000000,1.0000000000,10,19,1
BGE-large plain,q27,0.7000000000,0.5000000000,1.0000000000,0.6189150673,1.0000000000,7,14,1
BGE-large plain,q28,1.0000000000,0.4347826087,1.0000000000,1.0000000000,1.0000000000,10,23,1
BGE-large plain,q29,0.3000000000,0.1764705882,0.5000000000,0.2745478893,1.0000000000,3,17,2
BGE-large plain,q30,1.0000000000,0.5555555556,1.0000000000,0.8815473456,1.0000000000,10,18,1
BGE-large plain,q31,0.2000000000,0.2857142857,0.5000000000,0.2966237325,1.0000000000,2,7,2
BGE-large plain,q32,1.0000000000,0.3125000000,1.0000000000,1.0000000000,1.0000000000,10,32,1
BGE-large plain,q33,0.8000000000,0.2666666667,1.0000000000,0.7950029726,1.0000000000,8,30,1
BGE-large plain,q34,1.0000000000,0.3125000000,1.0000000000,1.0000000000,1.0000000000,10,32,1
BGE-large plain,q35,1.0000000000,0.3846153846,1.0000000000,1.0000000000,1.0000000000,10,26,1
BGE-large plain,q36,0.5000000000,0.3333333333,1.0000000000,0.7207572853,1.0000000000,5,15,1
BGE-large plain,q37,1.0000000000,0.5882352941,1.0000000000,1.0000000000,1.0000000000,10,17,1
BGE-large plain,q38,0.7000000000,0.2187500000,1.0000000000,0.7581222076,1.0000000000,7,32,1
BGE-large plain,q39,1.0000000000,0.9090909091,1.0000000000,1.0000000000,1.0000000000,10,11,1
BGE-large plain,q40,1.0000000000,0.5000000000,1.0000000000,0.8975356450,1.0000000000,10,20,1
BGE-large plain,q41,1.0000000000,0.2222222222,1.0000000000,1.0000000000,1.0000000000,10,45,1
BGE-large plain,q42,1.0000000000,0.3333333333,1.0000000000,1.0000000000,1.0000000000,10,30,1
BGE-large plain,q43,1.0000000000,0.3846153846,1.0000000000,0.9608008655,1.0000000000,10,26,1
BGE-large plain,q44,0.9000000000,0.5294117647,1.0000000000,0.9305687781,1.0000000000,9,17,1
BGE-large plain,q45,0.8000000000,0.2580645161,0.5000000000,0.7015099647,1.0000000000,8,31,2
BGE-large plain,q46,0.9000000000,0.4090909091,1.0000000000,0.9363792118,1.0000000000,9,22,1
BGE-large plain,q47,0.7000000000,0.3333333333,1.0000000000,0.7798912096,1.0000000000,7,21,1
BGE-large plain,q48,1.0000000000,0.5882352941,1.0000000000,1.0000000000,1.0000000000,10,17,1
BGE-large plain,q49,0.6000000000,0.4285714286,1.0000000000,0.6640666502,1.0000000000,6,14,1
BGE-large plain,q50,1.0000000000,0.2439024390,1.0000000000,0.9608008655,1.0000000000,10,41,1
BGE-large plain,q51,1.0000000000,0.2857142857,1.0000000000,1.0000000000,1.0000000000,10,35,1
BGE-large plain,q52,1.0000000000,0.1449275362,1.0000000000,0.7957320408,1.0000000000,10,69,1
BGE-large plain,q53,0.7000000000,0.2058823529,1.0000000000,0.7315449643,1.0000000000,7,34,1
BGE-large plain,q54,0.3000000000,0.1200000000,0.2500000000,0.2278403745,1.0000000000,3,25,4
BGE-large plain,q55,0.1000000000,0.0714285714,0.1000000000,0.0636207882,1.0000000000,1,14,10
BGE-large plain,q56,0.9000000000,0.3214285714,1.0000000000,0.9337457765,1.0000000000,9,28,1
BGE-large plain,q57,0.9000000000,0.2812500000,1.0000000000,0.9305687781,1.0000000000,9,32,1
BGE-large plain,q58,1.0000000000,0.3846153846,1.0000000000,1.0000000000,1.0000000000,10,26,1
BGE-large plain,q59,0.5000000000,0.5000000000,1.0000000000,0.5988751050,1.0000000000,5,10,1
BGE-large plain,q60,1.0000000000,0.3125000000,1.0000000000,0.7775734853,1.0000000000,10,32,1
BGE-small SA,q01,0.2000000000,0.0714285714,0.1428571429,0.1427951440,1.0000000000,2,28,7
BGE-small SA,q02,0.5000000000,0.2272727273,1.0000000000,0.5081992278,1.0000000000,5,22,1
BGE-small SA,q03,0.2000000000,0.2222222222,1.0000000000,0.3132133304,1.0000000000,2,9,1
BGE-small SA,q04,0.3000000000,0.1875000000,0.5000000000,0.2986844436,1.0000000000,3,16,2
BGE-small SA,q05,1.0000000000,1.0000000000,1.0000000000,1.0000000000,1.0000000000,10,10,1
BGE-small SA,q06,1.0000000000,0.2857142857,1.0000000000,1.0000000000,1.0000000000,10,35,1
BGE-small SA,q07,1.0000000000,0.3333333333,1.0000000000,0.8611477487,1.0000000000,10,30,1
BGE-small SA,q08,1.0000000000,0.9090909091,1.0000000000,1.0000000000,1.0000000000,10,11,1
BGE-small SA,q09,1.0000000000,0.2631578947,1.0000000000,1.0000000000,1.0000000000,10,38,1
BGE-small SA,q10,1.0000000000,0.6250000000,1.0000000000,1.0000000000,1.0000000000,10,16,1
BGE-small SA,q11,0.2000000000,0.1250000000,0.2500000000,0.1315885394,1.0000000000,2,16,4
BGE-small SA,q12,1.0000000000,0.4166666667,1.0000000000,1.0000000000,1.0000000000,10,24,1
BGE-small SA,q13,0.8000000000,0.3333333333,1.0000000000,0.7883542950,1.0000000000,8,24,1
BGE-small SA,q14,1.0000000000,0.2941176471,1.0000000000,0.9652843890,1.0000000000,10,34,1
BGE-small SA,q15,1.0000000000,0.2631578947,1.0000000000,1.0000000000,1.0000000000,10,38,1
BGE-small SA,q16,1.0000000000,0.3448275862,1.0000000000,1.0000000000,1.0000000000,10,29,1
BGE-small SA,q17,1.0000000000,0.4545454545,1.0000000000,1.0000000000,1.0000000000,10,22,1
BGE-small SA,q18,1.0000000000,0.3703703704,1.0000000000,1.0000000000,1.0000000000,10,27,1
BGE-small SA,q19,1.0000000000,0.4545454545,1.0000000000,1.0000000000,1.0000000000,10,22,1
BGE-small SA,q20,0.4000000000,0.1739130435,0.2000000000,0.2992268320,1.0000000000,4,23,5
BGE-small SA,q21,0.4000000000,0.3076923077,1.0000000000,0.4498873764,1.0000000000,4,13,1
BGE-small SA,q22,0.5000000000,0.2631578947,1.0000000000,0.6205268700,1.0000000000,5,19,1
BGE-small SA,q23,0.2000000000,0.1428571429,0.2500000000,0.1488176406,1.0000000000,2,14,4
BGE-small SA,q24,0.1000000000,0.0285714286,0.2500000000,0.0947883644,1.0000000000,1,35,4
BGE-small SA,q25,0.2000000000,0.3333333333,0.1666666667,0.2102107788,1.0000000000,2,6,6
BGE-small SA,q26,1.0000000000,0.5263157895,1.0000000000,1.0000000000,1.0000000000,10,19,1
BGE-small SA,q27,0.8000000000,0.5714285714,1.0000000000,0.6760712844,1.0000000000,8,14,1
BGE-small SA,q28,0.5000000000,0.2173913043,0.5000000000,0.4053511295,1.0000000000,5,23,2
BGE-small SA,q29,0.4000000000,0.2352941176,1.0000000000,0.4694544702,1.0000000000,4,17,1
BGE-small SA,q30,1.0000000000,0.5555555556,1.0000000000,0.9178902068,1.0000000000,10,18,1
BGE-small SA,q31,0.2000000000,0.2857142857,0.5000000000,0.3095372194,1.0000000000,2,7,2
BGE-small SA,q32,1.0000000000,0.3125000000,1.0000000000,1.0000000000,1.0000000000,10,32,1
BGE-small SA,q33,1.0000000000,0.3333333333,1.0000000000,1.0000000000,1.0000000000,10,30,1
BGE-small SA,q34,1.0000000000,0.3125000000,1.0000000000,1.0000000000,1.0000000000,10,32,1
BGE-small SA,q35,1.0000000000,0.3846153846,1.0000000000,1.0000000000,1.0000000000,10,26,1
BGE-small SA,q36,0.6000000000,0.4000000000,1.0000000000,0.7575510059,1.0000000000,6,15,1
BGE-small SA,q37,1.0000000000,0.5882352941,1.0000000000,1.0000000000,1.0000000000,10,17,1
BGE-small SA,q38,1.0000000000,0.3125000000,1.0000000000,0.9681896059,1.0000000000,10,32,1
BGE-small SA,q39,1.0000000000,0.9090909091,1.0000000000,1.0000000000,1.0000000000,10,11,1
BGE-small SA,q40,0.8000000000,0.4000000000,1.0000000000,0.7987163588,1.0000000000,8,20,1
BGE-small SA,q41,1.0000000000,0.2222222222,1.0000000000,1.0000000000,1.0000000000,10,45,1
BGE-small SA,q42,1.0000000000,0.3333333333,1.0000000000,1.0000000000,1.0000000000,10,30,1
BGE-small SA,q43,1.0000000000,0.3846153846,1.0000000000,0.9315076449,1.0000000000,10,26,1
BGE-small SA,q44,0.7000000000,0.4117647059,1.0000000000,0.7655934901,1.0000000000,7,17,1
BGE-small SA,q45,1.0000000000,0.3225806452,1.0000000000,1.0000000000,1.0000000000,10,31,1
BGE-small SA,q46,1.0000000000,0.4545454545,1.0000000000,0.9681896059,1.0000000000,10,22,1
BGE-small SA,q47,0.5000000000,0.2380952381,1.0000000000,0.6298088101,1.0000000000,5,21,1
BGE-small SA,q48,1.0000000000,0.5882352941,1.0000000000,1.0000000000,1.0000000000,10,17,1
BGE-small SA,q49,0.7000000000,0.5000000000,1.0000000000,0.7479407866,1.0000000000,7,14,1
BGE-small SA,q50,1.0000000000,0.2439024390,1.0000000000,0.9652843890,1.0000000000,10,41,1
BGE-small SA,q51,1.0000000000,0.2857142857,1.0000000000,1.0000000000,1.0000000000,10,35,1
BGE-small SA,q52,1.0000000000,0.1449275362,1.0000000000,1.0000000000,1.0000000000,10,69,1
BGE-small SA,q53,1.0000000000,0.2941176471,1.0000000000,1.0000000000,1.0000000000,10,34,1
BGE-small SA,q54,0.2000000000,0.0800000000,0.2000000000,0.1635413866,1.0000000000,2,25,5
BGE-small SA,q55,0.4000000000,0.2857142857,0.3333333333,0.3633412873,1.0000000000,4,14,3
BGE-small SA,q56,1.0000000000,0.3571428571,1.0000000000,1.0000000000,1.0000000000,10,28,1
BGE-small SA,q57,1.0000000000,0.3125000000,1.0000000000,1.0000000000,1.0000000000,10,32,1
BGE-small SA,q58,1.0000000000,0.3846153846,1.0000000000,1.0000000000,1.0000000000,10,26,1
BGE-small SA,q59,0.6000000000,0.6000000000,1.0000000000,0.7065836017,1.0000000000,6,10,1
BGE-small SA,q60,0.9000000000,0.2812500000,1.0000000000,0.6908908120,1.0000000000,9,32,1
BGE-small plain,q01,0.3000000000,0.1071428571,0.3333333333,0.2457313285,1.0000000000,3,28,3
BGE-small plain,q02,0.6000000000,0.2727272727,1.0000000000,0.6014884496,1.0000000000,6,22,1
BGE-small plain,q03,0.2000000000,0.2222222222,0.1666666667,0.2058554469,1.0000000000,2,9,6
BGE-small plain,q04,0.3000000000,0.1875000000,1.0000000000,0.4812974192,1.0000000000,3,16,1
BGE-small plain,q05,1.0000000000,1.0000000000,1.0000000000,1.0000000000,1.0000000000,10,10,1
BGE-small plain,q06,1.0000000000,0.2857142857,1.0000000000,0.8532721558,1.0000000000,10,35,1
BGE-small plain,q07,1.0000000000,0.3333333333,1.0000000000,0.9321572773,1.0000000000,10,30,1
BGE-small plain,q08,1.0000000000,0.9090909091,1.0000000000,1.0000000000,1.0000000000,10,11,1
BGE-small plain,q09,0.9000000000,0.2368421053,1.0000000000,0.9148568824,1.0000000000,9,38,1
BGE-small plain,q10,1.0000000000,0.6250000000,1.0000000000,1.0000000000,1.0000000000,10,16,1
BGE-small plain,q11,0.1000000000,0.0625000000,0.2000000000,0.0492917539,1.0000000000,1,16,5
BGE-small plain,q12,1.0000000000,0.4166666667,1.0000000000,0.8899541169,1.0000000000,10,24,1
BGE-small plain,q13,0.9000000000,0.3750000000,1.0000000000,0.8987583840,1.0000000000,9,24,1
BGE-small plain,q14,1.0000000000,0.2941176471,1.0000000000,1.0000000000,1.0000000000,10,34,1
BGE-small plain,q15,1.0000000000,0.2631578947,1.0000000000,0.9668728883,1.0000000000,10,38,1
BGE-small plain,q16,1.0000000000,0.3448275862,1.0000000000,1.0000000000,1.0000000000,10,29,1
BGE-small plain,q17,1.0000000000,0.4545454545,1.0000000000,1.0000000000,1.0000000000,10,22,1
BGE-small plain,q18,1.0000000000,0.3703703704,1.0000000000,1.0000000000,1.0000000000,10,27,1
BGE-small plain,q19,1.0000000000,0.4545454545,1.0000000000,1.0000000000,1.0000000000,10,22,1
BGE-small plain,q20,0.2000000000,0.0869565217,0.1250000000,0.1356854454,1.0000000000,2,23,8
BGE-small plain,q21,0.2000000000,0.1538461538,1.0000000000,0.2934556884,1.0000000000,2,13,1
BGE-small plain,q22,0.6000000000,0.3157894737,1.0000000000,0.7723904789,1.0000000000,6,19,1
BGE-small plain,q23,0.4000000000,0.2857142857,0.1666666667,0.2760159397,1.0000000000,4,14,6
BGE-small plain,q24,0.3000000000,0.0857142857,1.0000000000,0.3995688714,1.0000000000,3,35,1
BGE-small plain,q25,0.2000000000,0.3333333333,0.5000000000,0.3084099619,1.0000000000,2,6,2
BGE-small plain,q26,1.0000000000,0.5263157895,1.0000000000,1.0000000000,1.0000000000,10,19,1
BGE-small plain,q27,0.8000000000,0.5714285714,1.0000000000,0.7119507641,1.0000000000,8,14,1
BGE-small plain,q28,0.7000000000,0.3043478261,1.0000000000,0.7140318611,1.0000000000,7,23,1
BGE-small plain,q29,0.1000000000,0.0588235294,0.5000000000,0.1388624439,1.0000000000,1,17,2
BGE-small plain,q30,1.0000000000,0.5555555556,1.0000000000,0.9286024280,1.0000000000,10,18,1
BGE-small plain,q31,0.1000000000,0.1428571429,0.1250000000,0.1197453423,1.0000000000,1,7,8
BGE-small plain,q32,0.8000000000,0.2500000000,1.0000000000,0.7650426667,1.0000000000,8,32,1
BGE-small plain,q33,0.8000000000,0.2666666667,1.0000000000,0.8669479899,1.0000000000,8,30,1
BGE-small plain,q34,1.0000000000,0.3125000000,1.0000000000,1.0000000000,1.0000000000,10,32,1
BGE-small plain,q35,1.0000000000,0.3846153846,1.0000000000,1.0000000000,1.0000000000,10,26,1
BGE-small plain,q36,0.7000000000,0.4666666667,1.0000000000,0.7946465898,1.0000000000,7,15,1
BGE-small plain,q37,1.0000000000,0.5882352941,1.0000000000,1.0000000000,1.0000000000,10,17,1
BGE-small plain,q38,0.9000000000,0.2812500000,1.0000000000,0.8813562702,1.0000000000,9,32,1
BGE-small plain,q39,1.0000000000,0.9090909091,1.0000000000,1.0000000000,1.0000000000,10,11,1
BGE-small plain,q40,1.0000000000,0.5000000000,1.0000000000,0.8729584868,1.0000000000,10,20,1
BGE-small plain,q41,1.0000000000,0.2222222222,1.0000000000,1.0000000000,1.0000000000,10,45,1
BGE-small plain,q42,1.0000000000,0.3333333333,1.0000000000,1.0000000000,1.0000000000,10,30,1
BGE-small plain,q43,1.0000000000,0.3846153846,1.0000000000,0.8958531671,1.0000000000,10,26,1
BGE-small plain,q44,1.0000000000,0.5882352941,1.0000000000,1.0000000000,1.0000000000,10,17,1
BGE-small plain,q45,1.0000000000,0.3225806452,1.0000000000,0.9668728883,1.0000000000,10,31,1
BGE-small plain,q46,1.0000000000,0.4545454545,1.0000000000,1.0000000000,1.0000000000,10,22,1
BGE-small plain,q47,0.7000000000,0.3333333333,1.0000000000,0.8187075603,1.0000000000,7,21,1
BGE-small plain,q48,1.0000000000,0.5882352941,1.0000000000,0.9668728883,1.0000000000,10,17,1
BGE-small plain,q49,0.8000000000,0.5714285714,1.0000000000,0.8260347692,1.0000000000,8,14,1
BGE-small plain,q50,0.9000000000,0.2195121951,1.0000000000,0.8620764229,1.0000000000,9,41,1
BGE-small plain,q51,1.0000000000,0.2857142857,1.0000000000,1.0000000000,1.0000000000,10,35,1
BGE-small plain,q52,1.0000000000,0.1449275362,1.0000000000,0.6152369049,1.0000000000,10,69,1
BGE-small plain,q53,0.8000000000,0.2352941176,1.0000000000,0.8603818544,1.0000000000,8,34,1
BGE-small plain,q54,0.0000000000,0.0000000000,0.0000000000,0.0000000000,0.0000000000,0,25,0
BGE-small plain,q55,0.4000000000,0.2857142857,0.2500000000,0.3159817774,1.0000000000,4,14,4
BGE-small plain,q56,0.9000000000,0.3214285714,1.0000000000,0.8734012415,1.0000000000,9,28,1
BGE-small plain,q57,1.0000000000,0.3125000000,1.0000000000,0.9286024280,1.0000000000,10,32,1
BGE-small plain,q58,1.0000000000,0.3846153846,1.0000000000,0.9652843890,1.0000000000,10,26,1
BGE-small plain,q59,0.6000000000,0.6000000000,1.0000000000,0.7019727019,1.0000000000,6,10,1
BGE-small plain,q60,0.9000000000,0.2812500000,1.0000000000,0.6868744959,1.0000000000,9,32,1
BM25,q01,0.4000000000,0.1428571429,1.0000000000,0.4457875458,1.0000000000,4,28,1
BM25,q02,0.8000000000,0.3636363636,1.0000000000,0.8579809428,1.0000000000,8,22,1
BM25,q03,0.2000000000,0.2222222222,0.1428571429,0.1496739219,1.0000000000,2,9,7
BM25,q04,0.3000000000,0.1875000000,1.0000000000,0.4441183507,1.0000000000,3,16,1
BM25,q05,1.0000000000,1.0000000000,1.0000000000,1.0000000000,1.0000000000,10,10,1
BM25,q06,1.0000000000,0.2857142857,1.0000000000,0.9102614475,1.0000000000,10,35,1
BM25,q07,1.0000000000,0.3333333333,1.0000000000,0.9668728883,1.0000000000,10,30,1
BM25,q08,1.0000000000,0.9090909091,1.0000000000,1.0000000000,1.0000000000,10,11,1
BM25,q09,1.0000000000,0.2631578947,1.0000000000,1.0000000000,1.0000000000,10,38,1
BM25,q10,1.0000000000,0.6250000000,1.0000000000,1.0000000000,1.0000000000,10,16,1
BM25,q11,0.2000000000,0.1250000000,0.5000000000,0.2078087236,1.0000000000,2,16,2
BM25,q12,1.0000000000,0.4166666667,1.0000000000,0.9574284412,1.0000000000,10,24,1
BM25,q13,1.0000000000,0.4166666667,1.0000000000,1.0000000000,1.0000000000,10,24,1
BM25,q14,0.9000000000,0.2647058824,1.0000000000,0.8101497736,1.0000000000,9,34,1
BM25,q15,1.0000000000,0.2631578947,1.0000000000,1.0000000000,1.0000000000,10,38,1
BM25,q16,1.0000000000,0.3448275862,1.0000000000,1.0000000000,1.0000000000,10,29,1
BM25,q17,1.0000000000,0.4545454545,1.0000000000,1.0000000000,1.0000000000,10,22,1
BM25,q18,1.0000000000,0.3703703704,1.0000000000,1.0000000000,1.0000000000,10,27,1
BM25,q19,1.0000000000,0.4545454545,1.0000000000,0.9608008655,1.0000000000,10,22,1
BM25,q20,0.2000000000,0.0869565217,0.3333333333,0.1834098052,1.0000000000,2,23,3
BM25,q21,0.3000000000,0.2307692308,1.0000000000,0.3746661059,1.0000000000,3,13,1
BM25,q22,1.0000000000,0.5263157895,1.0000000000,1.0000000000,1.0000000000,10,19,1
BM25,q23,0.5000000000,0.3571428571,0.5000000000,0.4183472868,1.0000000000,5,14,2
BM25,q24,0.1000000000,0.0285714286,0.1000000000,0.0318103941,1.0000000000,1,35,10
BM25,q25,0.3000000000,0.5000000000,1.0000000000,0.5227348623,1.0000000000,3,6,1
BM25,q26,1.0000000000,0.5263157895,1.0000000000,1.0000000000,1.0000000000,10,19,1
BM25,q27,0.9000000000,0.6428571429,1.0000000000,0.6273829438,1.0000000000,9,14,1
BM25,q28,1.0000000000,0.4347826087,1.0000000000,0.8636649222,1.0000000000,10,23,1
BM25,q29,0.1000000000,0.0588235294,0.1111111111,0.0662542235,1.0000000000,1,17,9
BM25,q30,1.0000000000,0.5555555556,1.0000000000,0.8421915363,1.0000000000,10,18,1
BM25,q31,0.1000000000,0.1428571429,1.0000000000,0.3795837543,1.0000000000,1,7,1
BM25,q32,1.0000000000,0.3125000000,1.0000000000,1.0000000000,1.0000000000,10,32,1
BM25,q33,1.0000000000,0.3333333333,1.0000000000,1.0000000000,1.0000000000,10,30,1
BM25,q34,1.0000000000,0.3125000000,1.0000000000,0.9608008655,1.0000000000,10,32,1
BM25,q35,1.0000000000,0.3846153846,1.0000000000,1.0000000000,1.0000000000,10,26,1
BM25,q36,0.9000000000,0.6000000000,1.0000000000,0.9512540363,1.0000000000,9,15,1
BM25,q37,1.0000000000,0.5882352941,1.0000000000,1.0000000000,1.0000000000,10,17,1
BM25,q38,1.0000000000,0.3125000000,1.0000000000,0.9681896059,1.0000000000,10,32,1
BM25,q39,1.0000000000,0.9090909091,1.0000000000,1.0000000000,1.0000000000,10,11,1
BM25,q40,0.7000000000,0.3500000000,1.0000000000,0.7429775529,1.0000000000,7,20,1
BM25,q41,1.0000000000,0.2222222222,1.0000000000,1.0000000000,1.0000000000,10,45,1
BM25,q42,1.0000000000,0.3333333333,1.0000000000,1.0000000000,1.0000000000,10,30,1
BM25,q43,1.0000000000,0.3846153846,1.0000000000,0.9178902068,1.0000000000,10,26,1
BM25,q44,1.0000000000,0.5882352941,1.0000000000,0.9681896059,1.0000000000,10,17,1
BM25,q45,1.0000000000,0.3225806452,1.0000000000,0.9608008655,1.0000000000,10,31,1
BM25,q46,1.0000000000,0.4545454545,1.0000000000,0.9574284412,1.0000000000,10,22,1
BM25,q47,0.8000000000,0.3809523810,1.0000000000,0.8084973486,1.0000000000,8,21,1
BM25,q48,0.9000000000,0.5294117647,1.0000000000,0.9216017310,1.0000000000,9,17,1
BM25,q49,1.0000000000,0.7142857143,1.0000000000,0.9657844791,1.0000000000,10,14,1
BM25,q50,0.9000000000,0.2195121951,1.0000000000,0.9363792118,1.0000000000,9,41,1
BM25,q51,1.0000000000,0.2857142857,1.0000000000,1.0000000000,1.0000000000,10,35,1
BM25,q52,0.9000000000,0.1304347826,1.0000000000,0.5224148906,1.0000000000,9,69,1
BM25,q53,0.9000000000,0.2647058824,0.5000000000,0.7149707279,1.0000000000,9,34,2
BM25,q54,0.3000000000,0.1200000000,1.0000000000,0.3383619957,1.0000000000,3,25,1
BM25,q55,0.1000000000,0.0714285714,0.2500000000,0.0947883644,1.0000000000,1,14,4
BM25,q56,1.0000000000,0.3571428571,1.0000000000,0.9681896059,1.0000000000,10,28,1
BM25,q57,1.0000000000,0.3125000000,1.0000000000,0.9668728883,1.0000000000,10,32,1
BM25,q58,1.0000000000,0.3846153846,1.0000000000,1.0000000000,1.0000000000,10,26,1
BM25,q59,1.0000000000,1.0000000000,1.0000000000,1.0000000000,1.0000000000,10,10,1
BM25,q60,0.4000000000,0.1250000000,0.5000000000,0.3063365307,1.0000000000,4,32,2
Hybrid alpha=0.0,q01,0.9000000000,0.3214285714,1.0000000000,0.9363792118,1.0000000000,9,28,1
Hybrid alpha=0.0,q02,0.9000000000,0.4090909091,1.0000000000,0.7723480630,1.0000000000,9,22,1
Hybrid alpha=0.0,q03,0.2000000000,0.2222222222,1.0000000000,0.2915003043,1.0000000000,2,9,1
Hybrid alpha=0.0,q04,0.6000000000,0.3750000000,1.0000000000,0.5339030777,1.0000000000,6,16,1
Hybrid alpha=0.0,q05,1.0000000000,1.0000000000,1.0000000000,1.0000000000,1.0000000000,10,10,1
Hybrid alpha=0.0,q06,1.0000000000,0.2857142857,1.0000000000,1.0000000000,1.0000000000,10,35,1
Hybrid alpha=0.0,q07,1.0000000000,0.3333333333,1.0000000000,0.9243013295,1.0000000000,10,30,1
Hybrid alpha=0.0,q08,1.0000000000,0.9090909091,1.0000000000,1.0000000000,1.0000000000,10,11,1
Hybrid alpha=0.0,q09,1.0000000000,0.2631578947,1.0000000000,1.0000000000,1.0000000000,10,38,1
Hybrid alpha=0.0,q10,1.0000000000,0.6250000000,1.0000000000,1.0000000000,1.0000000000,10,16,1
Hybrid alpha=0.0,q11,0.1000000000,0.0625000000,0.3333333333,0.1274173355,1.0000000000,1,16,3
Hybrid alpha=0.0,q12,0.9000000000,0.3750000000,1.0000000000,0.8938076530,1.0000000000,9,24,1
Hybrid alpha=0.0,q13,1.0000000000,0.4166666667,1.0000000000,0.9574284412,1.0000000000,10,24,1
Hybrid alpha=0.0,q14,0.9000000000,0.2647058824,1.0000000000,0.9216017310,1.0000000000,9,34,1
Hybrid alpha=0.0,q15,0.9000000000,0.2368421053,1.0000000000,0.9363792118,1.0000000000,9,38,1
Hybrid alpha=0.0,q16,1.0000000000,0.3448275862,1.0000000000,1.0000000000,1.0000000000,10,29,1
Hybrid alpha=0.0,q17,1.0000000000,0.4545454545,1.0000000000,1.0000000000,1.0000000000,10,22,1
Hybrid alpha=0.0,q18,1.0000000000,0.3703703704,1.0000000000,1.0000000000,1.0000000000,10,27,1
Hybrid alpha=0.0,q19,1.0000000000,0.4545454545,1.0000000000,1.0000000000,1.0000000000,10,22,1
Hybrid alpha=0.0,q20,0.9000000000,0.3913043478,1.0000000000,0.9266360779,1.0000000000,9,23,1
Hybrid alpha=0.0,q21,0.2000000000,0.1538461538,0.3333333333,0.1736666713,1.0000000000,2,13,3
Hybrid alpha=0.0,q22,0.9000000000,0.4736842105,1.0000000000,0.9456973440,1.0000000000,9,19,1
Hybrid alpha=0.0,q23,0.2000000000,0.1428571429,0.5000000000,0.1382291268,1.0000000000,2,14,2
Hybrid alpha=0.0,q24,0.9000000000,0.2571428571,1.0000000000,0.9337457765,1.0000000000,9,35,1
Hybrid alpha=0.0,q25,0.2000000000,0.3333333333,0.5000000000,0.3395442245,1.0000000000,2,6,2
Hybrid alpha=0.0,q26,1.0000000000,0.5263157895,1.0000000000,1.0000000000,1.0000000000,10,19,1
Hybrid alpha=0.0,q27,0.8000000000,0.5714285714,1.0000000000,0.8128644983,1.0000000000,8,14,1
Hybrid alpha=0.0,q28,1.0000000000,0.4347826087,1.0000000000,0.9668728883,1.0000000000,10,23,1
Hybrid alpha=0.0,q29,0.3000000000,0.1764705882,0.3333333333,0.2899773652,1.0000000000,3,17,3
Hybrid alpha=0.0,q30,1.0000000000,0.5555555556,1.0000000000,0.9289904714,1.0000000000,10,18,1
Hybrid alpha=0.0,q31,0.3000000000,0.4285714286,1.0000000000,0.4367168022,1.0000000000,3,7,1
Hybrid alpha=0.0,q32,1.0000000000,0.3125000000,1.0000000000,1.0000000000,1.0000000000,10,32,1
Hybrid alpha=0.0,q33,1.0000000000,0.3333333333,1.0000000000,0.9633180390,1.0000000000,10,30,1
Hybrid alpha=0.0,q34,1.0000000000,0.3125000000,1.0000000000,1.0000000000,1.0000000000,10,32,1
Hybrid alpha=0.0,q35,1.0000000000,0.3846153846,1.0000000000,1.0000000000,1.0000000000,10,26,1
Hybrid alpha=0.0,q36,0.6000000000,0.4000000000,1.0000000000,0.7914198148,1.0000000000,6,15,1
Hybrid alpha=0.0,q37,1.0000000000,0.5882352941,1.0000000000,1.0000000000,1.0000000000,10,17,1
Hybrid alpha=0.0,q38,0.8000000000,0.2500000000,1.0000000000,0.8145541331,1.0000000000,8,32,1
Hybrid alpha=0.0,q39,1.0000000000,0.9090909091,1.0000000000,1.0000000000,1.0000000000,10,11,1
Hybrid alpha=0.0,q40,0.9000000000,0.4500000000,1.0000000000,0.8771228600,1.0000000000,9,20,1
Hybrid alpha=0.0,q41,1.0000000000,0.2222222222,1.0000000000,1.0000000000,1.0000000000,10,45,1
Hybrid alpha=0.0,q42,1.0000000000,0.3333333333,1.0000000000,1.0000000000,1.0000000000,10,30,1
Hybrid alpha=0.0,q43,0.9000000000,0.3461538462,1.0000000000,0.8669479899,1.0000000000,9,26,1
Hybrid alpha=0.0,q44,0.8000000000,0.4705882353,1.0000000000,0.8553475076,1.0000000000,8,17,1
Hybrid alpha=0.0,q45,0.8000000000,0.2580645161,1.0000000000,0.7663491918,1.0000000000,8,31,1
Hybrid alpha=0.0,q46,1.0000000000,0.4545454545,1.0000000000,1.0000000000,1.0000000000,10,22,1
Hybrid alpha=0.0,q47,0.7000000000,0.3333333333,1.0000000000,0.8078779675,1.0000000000,7,21,1
Hybrid alpha=0.0,q48,1.0000000000,0.5882352941,1.0000000000,1.0000000000,1.0000000000,10,17,1
Hybrid alpha=0.0,q49,0.4000000000,0.2857142857,1.0000000000,0.4977329209,1.0000000000,4,14,1
Hybrid alpha=0.0,q50,1.0000000000,0.2439024390,1.0000000000,1.0000000000,1.0000000000,10,41,1
Hybrid alpha=0.0,q51,1.0000000000,0.2857142857,1.0000000000,1.0000000000,1.0000000000,10,35,1
Hybrid alpha=0.0,q52,1.0000000000,0.1449275362,1.0000000000,0.9449770584,1.0000000000,10,69,1
Hybrid alpha=0.0,q53,1.0000000000,0.2941176471,1.0000000000,1.0000000000,1.0000000000,10,34,1
Hybrid alpha=0.0,q54,0.4000000000,0.1600000000,0.5000000000,0.3671785564,1.0000000000,4,25,2
Hybrid alpha=0.0,q55,0.4000000000,0.2857142857,0.5000000000,0.3764459523,1.0000000000,4,14,2
Hybrid alpha=0.0,q56,1.0000000000,0.3571428571,1.0000000000,0.9681896059,1.0000000000,10,28,1
Hybrid alpha=0.0,q57,0.9000000000,0.2812500000,1.0000000000,0.9305687781,1.0000000000,9,32,1
Hybrid alpha=0.0,q58,1.0000000000,0.3846153846,1.0000000000,1.0000000000,1.0000000000,10,26,1
Hybrid alpha=0.0,q59,0.6000000000,0.6000000000,1.0000000000,0.7222954974,1.0000000000,6,10,1
Hybrid alpha=0.0,q60,1.0000000000,0.3125000000,1.0000000000,0.8473825580,1.0000000000,10,32,1
Hybrid alpha=0.2,q01,0.8000000000,0.2857142857,1.0000000000,0.8486026589,1.0000000000,8,28,1
Hybrid alpha=0.2,q02,0.9000000000,0.4090909091,1.0000000000,0.8502041590,1.0000000000,9,22,1
Hybrid alpha=0.2,q03,0.2000000000,0.2222222222,1.0000000000,0.3132133304,1.0000000000,2,9,1
Hybrid alpha=0.2,q04,0.3000000000,0.1875000000,1.0000000000,0.4786413470,1.0000000000,3,16,1
Hybrid alpha=0.2,q05,1.0000000000,1.0000000000,1.0000000000,1.0000000000,1.0000000000,10,10,1
Hybrid alpha=0.2,q06,1.0000000000,0.2857142857,1.0000000000,1.0000000000,1.0000000000,10,35,1
Hybrid alpha=0.2,q07,1.0000000000,0.3333333333,1.0000000000,0.9003468832,1.0000000000,10,30,1
Hybrid alpha=0.2,q08,1.0000000000,0.9090909091,1.0000000000,1.0000000000,1.0000000000,10,11,1
Hybrid alpha=0.2,q09,1.0000000000,0.2631578947,1.0000000000,1.0000000000,1.0000000000,10,38,1
Hybrid alpha=0.2,q10,1.0000000000,0.6250000000,1.0000000000,1.0000000000,1.0000000000,10,16,1
Hybrid alpha=0.2,q11,0.4000000000,0.2500000000,0.2000000000,0.2588135233,1.0000000000,4,16,5
Hybrid alpha=0.2,q12,1.0000000000,0.4166666667,1.0000000000,0.9526058178,1.0000000000,10,24,1
Hybrid alpha=0.2,q13,1.0000000000,0.4166666667,1.0000000000,1.0000000000,1.0000000000,10,24,1
Hybrid alpha=0.2,q14,1.0000000000,0.2941176471,1.0000000000,1.0000000000,1.0000000000,10,34,1
Hybrid alpha=0.2,q15,1.0000000000,0.2631578947,1.0000000000,1.0000000000,1.0000000000,10,38,1
Hybrid alpha=0.2,q16,1.0000000000,0.3448275862,1.0000000000,1.0000000000,1.0000000000,10,29,1
Hybrid alpha=0.2,q17,1.0000000000,0.4545454545,1.0000000000,1.0000000000,1.0000000000,10,22,1
Hybrid alpha=0.2,q18,1.0000000000,0.3703703704,1.0000000000,1.0000000000,1.0000000000,10,27,1
Hybrid alpha=0.2,q19,1.0000000000,0.4545454545,1.0000000000,1.0000000000,1.0000000000,10,22,1
Hybrid alpha=0.2,q20,0.7000000000,0.3043478261,1.0000000000,0.7791714370,1.0000000000,7,23,1
Hybrid alpha=0.2,q21,0.3000000000,0.2307692308,0.2000000000,0.2279382617,1.0000000000,3,13,5
Hybrid alpha=0.2,q22,1.0000000000,0.5263157895,1.0000000000,1.0000000000,1.0000000000,10,19,1
Hybrid alpha=0.2,q23,0.4000000000,0.2857142857,1.0000000000,0.3216561946,1.0000000000,4,14,1
Hybrid alpha=0.2,q24,0.8000000000,0.2285714286,1.0000000000,0.8603818544,1.0000000000,8,35,1
Hybrid alpha=0.2,q25,0.2000000000,0.3333333333,1.0000000000,0.4797600873,1.0000000000,2,6,1
Hybrid alpha=0.2,q26,1.0000000000,0.5263157895,1.0000000000,1.0000000000,1.0000000000,10,19,1
Hybrid alpha=0.2,q27,1.0000000000,0.7142857143,1.0000000000,0.8670015128,1.0000000000,10,14,1
Hybrid alpha=0.2,q28,1.0000000000,0.4347826087,1.0000000000,1.0000000000,1.0000000000,10,23,1
Hybrid alpha=0.2,q29,0.4000000000,0.2352941176,0.3333333333,0.3093521167,1.0000000000,4,17,3
Hybrid alpha=0.2,q30,1.0000000000,0.5555555556,1.0000000000,0.8577753244,1.0000000000,10,18,1
Hybrid alpha=0.2,q31,0.2000000000,0.2857142857,1.0000000000,0.3795837543,1.0000000000,2,7,1
Hybrid alpha=0.2,q32,1.0000000000,0.3125000000,1.0000000000,1.0000000000,1.0000000000,10,32,1
Hybrid alpha=0.2,q33,1.0000000000,0.3333333333,1.0000000000,1.0000000000,1.0000000000,10,30,1
Hybrid alpha=0.2,q34,1.0000000000,0.3125000000,1.0000000000,1.0000000000,1.0000000000,10,32,1
Hybrid alpha=0.2,q35,1.0000000000,0.3846153846,1.0000000000,1.0000000000,1.0000000000,10,26,1
Hybrid alpha=0.2,q36,0.8000000000,0.5333333333,1.0000000000,0.8839062080,1.0000000000,8,15,1
Hybrid alpha=0.2,q37,1.0000000000,0.5882352941,1.0000000000,1.0000000000,1.0000000000,10,17,1
Hybrid alpha=0.2,q38,1.0000000000,0.3125000000,1.0000000000,0.9608008655,1.0000000000,10,32,1
Hybrid alpha=0.2,q39,1.0000000000,0.9090909091,1.0000000000,1.0000000000,1.0000000000,10,11,1
Hybrid alpha=0.2,q40,0.8000000000,0.4000000000,1.0000000000,0.8345821169,1.0000000000,8,20,1
Hybrid alpha=0.2,q41,1.0000000000,0.2222222222,1.0000000000,1.0000000000,1.0000000000,10,45,1
Hybrid alpha=0.2,q42,1.0000000000,0.3333333333,1.0000000000,1.0000000000,1.0000000000,10,30,1
Hybrid alpha=0.2,q43,1.0000000000,0.3846153846,1.0000000000,0.9305687781,1.0000000000,10,26,1
Hybrid alpha=0.2,q44,1.0000000000,0.5882352941,1.0000000000,1.0000000000,1.0000000000,10,17,1
Hybrid alpha=0.2,q45,0.9000000000,0.2903225806,1.0000000000,0.8897913369,1.0000000000,9,31,1
Hybrid alpha=0.2,q46,1.0000000000,0.4545454545,1.0000000000,1.0000000000,1.0000000000,10,22,1
Hybrid alpha=0.2,q47,0.8000000000,0.3809523810,1.0000000000,0.8400210491,1.0000000000,8,21,1
Hybrid alpha=0.2,q48,1.0000000000,0.5882352941,1.0000000000,1.0000000000,1.0000000000,10,17,1
Hybrid alpha=0.2,q49,0.6000000000,0.4285714286,1.0000000000,0.7198366423,1.0000000000,6,14,1
Hybrid alpha=0.2,q50,0.9000000000,0.2195121951,1.0000000000,0.9363792118,1.0000000000,9,41,1
Hybrid alpha=0.2,q51,1.0000000000,0.2857142857,1.0000000000,1.0000000000,1.0000000000,10,35,1
Hybrid alpha=0.2,q52,1.0000000000,0.1449275362,1.0000000000,0.9449770584,1.0000000000,10,69,1
Hybrid alpha=0.2,q53,1.0000000000,0.2941176471,1.0000000000,1.0000000000,1.0000000000,10,34,1
Hybrid alpha=0.2,q54,0.5000000000,0.2000000000,0.5000000000,0.3539838341,1.0000000000,5,25,2
Hybrid alpha=0.2,q55,0.4000000000,0.2857142857,0.2000000000,0.2934163983,1.0000000000,4,14,5
Hybrid alpha=0.2,q56,0.9000000000,0.3214285714,1.0000000000,0.9337457765,1.0000000000,9,28,1
Hybrid alpha=0.2,q57,1.0000000000,0.3125000000,1.0000000000,1.0000000000,1.0000000000,10,32,1
Hybrid alpha=0.2,q58,1.0000000000,0.3846153846,1.0000000000,1.0000000000,1.0000000000,10,26,1
Hybrid alpha=0.2,q59,0.9000000000,0.9000000000,1.0000000000,0.9305687781,1.0000000000,9,10,1
Hybrid alpha=0.2,q60,1.0000000000,0.3125000000,1.0000000000,0.8031207812,1.0000000000,10,32,1
Hybrid alpha=0.4,q01,0.6000000000,0.2142857143,1.0000000000,0.6364741801,1.0000000000,6,28,1
Hybrid alpha=0.4,q02,0.8000000000,0.3636363636,1.0000000000,0.8630152897,1.0000000000,8,22,1
Hybrid alpha=0.4,q03,0.2000000000,0.2222222222,0.3333333333,0.1994707887,1.0000000000,2,9,3
Hybrid alpha=0.4,q04,0.3000000000,0.1875000000,1.0000000000,0.4655096300,1.0000000000,3,16,1
Hybrid alpha=0.4,q05,1.0000000000,1.0000000000,1.0000000000,1.0000000000,1.0000000000,10,10,1
Hybrid alpha=0.4,q06,1.0000000000,0.2857142857,1.0000000000,1.0000000000,1.0000000000,10,35,1
Hybrid alpha=0.4,q07,1.0000000000,0.3333333333,1.0000000000,1.0000000000,1.0000000000,10,30,1
Hybrid alpha=0.4,q08,1.0000000000,0.9090909091,1.0000000000,1.0000000000,1.0000000000,10,11,1
Hybrid alpha=0.4,q09,1.0000000000,0.2631578947,1.0000000000,1.0000000000,1.0000000000,10,38,1
Hybrid alpha=0.4,q10,1.0000000000,0.6250000000,1.0000000000,1.0000000000,1.0000000000,10,16,1
Hybrid alpha=0.4,q11,0.4000000000,0.2500000000,0.3333333333,0.2903685607,1.0000000000,4,16,3
Hybrid alpha=0.4,q12,1.0000000000,0.4166666667,1.0000000000,0.9526058178,1.0000000000,10,24,1
Hybrid alpha=0.4,q13,1.0000000000,0.4166666667,1.0000000000,1.0000000000,1.0000000000,10,24,1
Hybrid alpha=0.4,q14,1.0000000000,0.2941176471,1.0000000000,1.0000000000,1.0000000000,10,34,1
Hybrid alpha=0.4,q15,1.0000000000,0.2631578947,1.0000000000,1.0000000000,1.0000000000,10,38,1
Hybrid alpha=0.4,q16,1.0000000000,0.3448275862,1.0000000000,1.0000000000,1.0000000000,10,29,1
Hybrid alpha=0.4,q17,1.0000000000,0.4545454545,1.0000000000,1.0000000000,1.0000000000,10,22,1
Hybrid alpha=0.4,q18,1.0000000000,0.3703703704,1.0000000000,1.0000000000,1.0000000000,10,27,1
Hybrid alpha=0.4,q19,1.0000000000,0.4545454545,1.0000000000,1.0000000000,1.0000000000,10,22,1
Hybrid alpha=0.4,q20,0.5000000000,0.2173913043,1.0000000000,0.5420423055,1.0000000000,5,23,1
Hybrid alpha=0.4,q21,0.3000000000,0.2307692308,0.2000000000,0.2329726086,1.0000000000,3,13,5
Hybrid alpha=0.4,q22,1.0000000000,0.5263157895,1.0000000000,1.0000000000,1.0000000000,10,19,1
Hybrid alpha=0.4,q23,0.5000000000,0.3571428571,0.5000000000,0.3577178808,1.0000000000,5,14,2
Hybrid alpha=0.4,q24,0.3000000000,0.0857142857,0.3333333333,0.2457313285,1.0000000000,3,35,3
Hybrid alpha=0.4,q25,0.2000000000,0.3333333333,1.0000000000,0.4337693857,1.0000000000,2,6,1
Hybrid alpha=0.4,q26,1.0000000000,0.5263157895,1.0000000000,1.0000000000,1.0000000000,10,19,1
Hybrid alpha=0.4,q27,1.0000000000,0.7142857143,1.0000000000,0.7392097976,1.0000000000,10,14,1
Hybrid alpha=0.4,q28,1.0000000000,0.4347826087,1.0000000000,0.9668728883,1.0000000000,10,23,1
Hybrid alpha=0.4,q29,0.2000000000,0.1176470588,0.2000000000,0.1487639058,1.0000000000,2,17,5
Hybrid alpha=0.4,q30,1.0000000000,0.5555555556,1.0000000000,0.8529037574,1.0000000000,10,18,1
Hybrid alpha=0.4,q31,0.2000000000,0.2857142857,1.0000000000,0.4292825617,1.0000000000,2,7,1
Hybrid alpha=0.4,q32,1.0000000000,0.3125000000,1.0000000000,1.0000000000,1.0000000000,10,32,1
Hybrid alpha=0.4,q33,1.0000000000,0.3333333333,1.0000000000,1.0000000000,1.0000000000,10,30,1
Hybrid alpha=0.4,q34,1.0000000000,0.3125000000,1.0000000000,1.0000000000,1.0000000000,10,32,1
Hybrid alpha=0.4,q35,1.0000000000,0.3846153846,1.0000000000,1.0000000000,1.0000000000,10,26,1
Hybrid alpha=0.4,q36,1.0000000000,0.6666666667,1.0000000000,0.9960516892,1.0000000000,10,15,1
Hybrid alpha=0.4,q37,1.0000000000,0.5882352941,1.0000000000,1.0000000000,1.0000000000,10,17,1
Hybrid alpha=0.4,q38,1.0000000000,0.3125000000,1.0000000000,0.9633180390,1.0000000000,10,32,1
Hybrid alpha=0.4,q39,1.0000000000,0.9090909091,1.0000000000,1.0000000000,1.0000000000,10,11,1
Hybrid alpha=0.4,q40,0.7000000000,0.3500000000,1.0000000000,0.7974556027,1.0000000000,7,20,1
Hybrid alpha=0.4,q41,1.0000000000,0.2222222222,1.0000000000,1.0000000000,1.0000000000,10,45,1
Hybrid alpha=0.4,q42,1.0000000000,0.3333333333,1.0000000000,1.0000000000,1.0000000000,10,30,1
Hybrid alpha=0.4,q43,1.0000000000,0.3846153846,1.0000000000,0.9131666643,1.0000000000,10,26,1
Hybrid alpha=0.4,q44,1.0000000000,0.5882352941,1.0000000000,1.0000000000,1.0000000000,10,17,1
Hybrid alpha=0.4,q45,1.0000000000,0.3225806452,1.0000000000,0.9608008655,1.0000000000,10,31,1
Hybrid alpha=0.4,q46,1.0000000000,0.4545454545,1.0000000000,1.0000000000,1.0000000000,10,22,1
Hybrid alpha=0.4,q47,0.8000000000,0.3809523810,1.0000000000,0.8084973486,1.0000000000,8,21,1
Hybrid alpha=0.4,q48,1.0000000000,0.5882352941,1.0000000000,1.0000000000,1.0000000000,10,17,1
Hybrid alpha=0.4,q49,0.8000000000,0.5714285714,1.0000000000,0.8861703716,1.0000000000,8,14,1
Hybrid alpha=0.4,q50,1.0000000000,0.2439024390,1.0000000000,1.0000000000,1.0000000000,10,41,1
Hybrid alpha=0.4,q51,1.0000000000,0.2857142857,1.0000000000,1.0000000000,1.0000000000,10,35,1
Hybrid alpha=0.4,q52,1.0000000000,0.1449275362,1.0000000000,0.8895857185,1.0000000000,10,69,1
Hybrid alpha=0.4,q53,0.8000000000,0.2352941176,1.0000000000,0.8512360942,1.0000000000,8,34,1
Hybrid alpha=0.4,q54,0.3000000000,0.1200000000,1.0000000000,0.3360272472,1.0000000000,3,25,1
Hybrid alpha=0.4,q55,0.1000000000,0.0714285714,0.3333333333,0.1100458831,1.0000000000,1,14,3
Hybrid alpha=0.4,q56,1.0000000000,0.3571428571,1.0000000000,1.0000000000,1.0000000000,10,28,1
Hybrid alpha=0.4,q57,1.0000000000,0.3125000000,1.0000000000,0.9652843890,1.0000000000,10,32,1
Hybrid alpha=0.4,q58,1.0000000000,0.3846153846,1.0000000000,1.0000000000,1.0000000000,10,26,1
Hybrid alpha=0.4,q59,0.9000000000,0.9000000000,1.0000000000,0.9363792118,1.0000000000,9,10,1
Hybrid alpha=0.4,q60,0.9000000000,0.2812500000,1.0000000000,0.6718870967,1.0000000000,9,32,1
Hybrid alpha=0.5,q01,0.5000000000,0.1785714286,1.0000000000,0.5591775578,1.0000000000,5,28,1
Hybrid alpha=0.5,q02,0.8000000000,0.3636363636,1.0000000000,0.8630152897,1.0000000000,8,22,1
Hybrid alpha=0.5,q03,0.2000000000,0.2222222222,0.2500000000,0.1886142757,1.0000000000,2,9,4
Hybrid alpha=0.5,q04,0.3000000000,0.1875000000,1.0000000000,0.4563267189,1.0000000000,3,16,1
Hybrid alpha=0.5,q05,1.0000000000,1.0000000000,1.0000000000,1.0000000000,1.0000000000,10,10,1
Hybrid alpha=0.5,q06,1.0000000000,0.2857142857,1.0000000000,1.0000000000,1.0000000000,10,35,1
Hybrid alpha=0.5,q07,1.0000000000,0.3333333333,1.0000000000,1.0000000000,1.0000000000,10,30,1
Hybrid alpha=0.5,q08,1.0000000000,0.9090909091,1.0000000000,1.0000000000,1.0000000000,10,11,1
Hybrid alpha=0.5,q09,1.0000000000,0.2631578947,1.0000000000,1.0000000000,1.0000000000,10,38,1
Hybrid alpha=0.5,q10,1.0000000000,0.6250000000,1.0000000000,1.0000000000,1.0000000000,10,16,1
Hybrid alpha=0.5,q11,0.3000000000,0.1875000000,0.5000000000,0.2303384011,1.0000000000,3,16,2
Hybrid alpha=0.5,q12,1.0000000000,0.4166666667,1.0000000000,0.9526058178,1.0000000000,10,24,1
Hybrid alpha=0.5,q13,1.0000000000,0.4166666667,1.0000000000,1.0000000000,1.0000000000,10,24,1
Hybrid alpha=0.5,q14,1.0000000000,0.2941176471,1.0000000000,1.0000000000,1.0000000000,10,34,1
Hybrid alpha=0.5,q15,1.0000000000,0.2631578947,1.0000000000,1.0000000000,1.0000000000,10,38,1
Hybrid alpha=0.5,q16,1.0000000000,0.3448275862,1.0000000000,1.0000000000,1.0000000000,10,29,1
Hybrid alpha=0.5,q17,1.0000000000,0.4545454545,1.0000000000,1.0000000000,1.0000000000,10,22,1
Hybrid alpha=0.5,q18,1.0000000000,0.3703703704,1.0000000000,1.0000000000,1.0000000000,10,27,1
Hybrid alpha=0.5,q19,1.0000000000,0.4545454545,1.0000000000,1.0000000000,1.0000000000,10,22,1
Hybrid alpha=0.5,q20,0.4000000000,0.1739130435,0.5000000000,0.3783033007,1.0000000000,4,23,2
Hybrid alpha=0.5,q21,0.3000000000,0.2307692308,0.2500000000,0.2461857055,1.0000000000,3,13,4
Hybrid alpha=0.5,q22,1.0000000000,0.5263157895,1.0000000000,1.0000000000,1.0000000000,10,19,1
Hybrid alpha=0.5,q23,0.4000000000,0.2857142857,0.5000000000,0.3544136783,1.0000000000,4,14,2
Hybrid alpha=0.5,q24,0.1000000000,0.0285714286,0.1111111111,0.0331271117,1.0000000000,1,35,9
Hybrid alpha=0.5,q25,0.3000000000,0.5000000000,1.0000000000,0.5262238966,1.0000000000,3,6,1
Hybrid alpha=0.5,q26,1.0000000000,0.5263157895,1.0000000000,1.0000000000,1.0000000000,10,19,1
Hybrid alpha=0.5,q27,0.9000000000,0.6428571429,1.0000000000,0.6557618259,1.0000000000,9,14,1
Hybrid alpha=0.5,q28,1.0000000000,0.4347826087,1.0000000000,0.9350624942,1.0000000000,10,23,1
Hybrid alpha=0.5,q29,0.2000000000,0.1176470588,0.2000000000,0.1487639058,1.0000000000,2,17,5
Hybrid alpha=0.5,q30,1.0000000000,0.5555555556,1.0000000000,0.8517033016,1.0000000000,10,18,1
Hybrid alpha=0.5,q31,0.2000000000,0.2857142857,1.0000000000,0.4993290966,1.0000000000,2,7,1
Hybrid alpha=0.5,q32,1.0000000000,0.3125000000,1.0000000000,1.0000000000,1.0000000000,10,32,1
Hybrid alpha=0.5,q33,1.0000000000,0.3333333333,1.0000000000,1.0000000000,1.0000000000,10,30,1
Hybrid alpha=0.5,q34,1.0000000000,0.3125000000,1.0000000000,1.0000000000,1.0000000000,10,32,1
Hybrid alpha=0.5,q35,1.0000000000,0.3846153846,1.0000000000,1.0000000000,1.0000000000,10,26,1
Hybrid alpha=0.5,q36,0.9000000000,0.6000000000,1.0000000000,0.9607204244,1.0000000000,9,15,1
Hybrid alpha=0.5,q37,1.0000000000,0.5882352941,1.0000000000,1.0000000000,1.0000000000,10,17,1
Hybrid alpha=0.5,q38,1.0000000000,0.3125000000,1.0000000000,0.9652843890,1.0000000000,10,32,1
Hybrid alpha=0.5,q39,1.0000000000,0.9090909091,1.0000000000,1.0000000000,1.0000000000,10,11,1
Hybrid alpha=0.5,q40,0.7000000000,0.3500000000,1.0000000000,0.8056141583,1.0000000000,7,20,1
Hybrid alpha=0.5,q41,1.0000000000,0.2222222222,1.0000000000,1.0000000000,1.0000000000,10,45,1
Hybrid alpha=0.5,q42,1.0000000000,0.3333333333,1.0000000000,1.0000000000,1.0000000000,10,30,1
Hybrid alpha=0.5,q43,1.0000000000,0.3846153846,1.0000000000,0.9131666643,1.0000000000,10,26,1
Hybrid alpha=0.5,q44,1.0000000000,0.5882352941,1.0000000000,1.0000000000,1.0000000000,10,17,1
Hybrid alpha=0.5,q45,1.0000000000,0.3225806452,1.0000000000,0.9608008655,1.0000000000,10,31,1
Hybrid alpha=0.5,q46,1.0000000000,0.4545454545,1.0000000000,1.0000000000,1.0000000000,10,22,1
Hybrid alpha=0.5,q47,0.8000000000,0.3809523810,1.0000000000,0.8084973486,1.0000000000,8,21,1
Hybrid alpha=0.5,q48,1.0000000000,0.5882352941,1.0000000000,1.0000000000,1.0000000000,10,17,1
Hybrid alpha=0.5,q49,0.8000000000,0.5714285714,1.0000000000,0.8987134163,1.0000000000,8,14,1
Hybrid alpha=0.5,q50,0.9000000000,0.2195121951,1.0000000000,0.9363792118,1.0000000000,9,41,1
Hybrid alpha=0.5,q51,1.0000000000,0.2857142857,1.0000000000,1.0000000000,1.0000000000,10,35,1
Hybrid alpha=0.5,q52,1.0000000000,0.1449275362,1.0000000000,0.8509863509,1.0000000000,10,69,1
Hybrid alpha=0.5,q53,0.8000000000,0.2352941176,1.0000000000,0.8263333287,1.0000000000,8,34,1
Hybrid alpha=0.5,q54,0.3000000000,0.1200000000,1.0000000000,0.3369171704,1.0000000000,3,25,1
Hybrid alpha=0.5,q55,0.1000000000,0.0714285714,0.3333333333,0.1100458831,1.0000000000,1,14,3
Hybrid alpha=0.5,q56,1.0000000000,0.3571428571,1.0000000000,1.0000000000,1.0000000000,10,28,1
Hybrid alpha=0.5,q57,1.0000000000,0.3125000000,1.0000000000,0.9574284412,1.0000000000,10,32,1
Hybrid alpha=0.5,q58,1.0000000000,0.3846153846,1.0000000000,1.0000000000,1.0000000000,10,26,1
Hybrid alpha=0.5,q59,1.0000000000,1.0000000000,1.0000000000,1.0000000000,1.0000000000,10,10,1
Hybrid alpha=0.5,q60,0.9000000000,0.2812500000,0.5000000000,0.5952401069,1.0000000000,9,32,2
Hybrid alpha=0.6,q01,0.5000000000,0.1785714286,1.0000000000,0.5151068564,1.0000000000,5,28,1
Hybrid alpha=0.6,q02,0.8000000000,0.3636363636,1.0000000000,0.8630152897,1.0000000000,8,22,1
Hybrid alpha=0.6,q03,0.2000000000,0.2222222222,0.2500000000,0.1886142757,1.0000000000,2,9,4
Hybrid alpha=0.6,q04,0.3000000000,0.1875000000,1.0000000000,0.4563267189,1.0000000000,3,16,1
Hybrid alpha=0.6,q05,1.0000000000,1.0000000000,1.0000000000,1.0000000000,1.0000000000,10,10,1
Hybrid alpha=0.6,q06,1.0000000000,0.2857142857,1.0000000000,1.0000000000,1.0000000000,10,35,1
Hybrid alpha=0.6,q07,1.0000000000,0.3333333333,1.0000000000,1.0000000000,1.0000000000,10,30,1
Hybrid alpha=0.6,q08,1.0000000000,0.9090909091,1.0000000000,1.0000000000,1.0000000000,10,11,1
Hybrid alpha=0.6,q09,1.0000000000,0.2631578947,1.0000000000,1.0000000000,1.0000000000,10,38,1
Hybrid alpha=0.6,q10,1.0000000000,0.6250000000,1.0000000000,1.0000000000,1.0000000000,10,16,1
Hybrid alpha=0.6,q11,0.3000000000,0.1875000000,0.5000000000,0.2284991470,1.0000000000,3,16,2
Hybrid alpha=0.6,q12,1.0000000000,0.4166666667,1.0000000000,0.9526058178,1.0000000000,10,24,1
Hybrid alpha=0.6,q13,1.0000000000,0.4166666667,1.0000000000,1.0000000000,1.0000000000,10,24,1
Hybrid alpha=0.6,q14,1.0000000000,0.2941176471,1.0000000000,1.0000000000,1.0000000000,10,34,1
Hybrid alpha=0.6,q15,1.0000000000,0.2631578947,1.0000000000,1.0000000000,1.0000000000,10,38,1
Hybrid alpha=0.6,q16,1.0000000000,0.3448275862,1.0000000000,1.0000000000,1.0000000000,10,29,1
Hybrid alpha=0.6,q17,1.0000000000,0.4545454545,1.0000000000,1.0000000000,1.0000000000,10,22,1
Hybrid alpha=0.6,q18,1.0000000000,0.3703703704,1.0000000000,1.0000000000,1.0000000000,10,27,1
Hybrid alpha=0.6,q19,1.0000000000,0.4545454545,1.0000000000,1.0000000000,1.0000000000,10,22,1
Hybrid alpha=0.6,q20,0.3000000000,0.1304347826,0.5000000000,0.3151625505,1.0000000000,3,23,2
Hybrid alpha=0.6,q21,0.3000000000,0.2307692308,0.5000000000,0.2808815011,1.0000000000,3,13,2
Hybrid alpha=0.6,q22,1.0000000000,0.5263157895,1.0000000000,1.0000000000,1.0000000000,10,19,1
Hybrid alpha=0.6,q23,0.3000000000,0.2142857143,0.5000000000,0.2808262370,1.0000000000,3,14,2
Hybrid alpha=0.6,q24,0.1000000000,0.0285714286,0.1111111111,0.0331271117,1.0000000000,1,35,9
Hybrid alpha=0.6,q25,0.3000000000,0.5000000000,1.0000000000,0.5262238966,1.0000000000,3,6,1
Hybrid alpha=0.6,q26,1.0000000000,0.5263157895,1.0000000000,1.0000000000,1.0000000000,10,19,1
Hybrid alpha=0.6,q27,0.9000000000,0.6428571429,1.0000000000,0.6406990407,1.0000000000,9,14,1
Hybrid alpha=0.6,q28,1.0000000000,0.4347826087,1.0000000000,0.9241189045,1.0000000000,10,23,1
Hybrid alpha=0.6,q29,0.2000000000,0.1176470588,0.1666666667,0.1420190572,1.0000000000,2,17,6
Hybrid alpha=0.6,q30,1.0000000000,0.5555555556,1.0000000000,0.8497369515,1.0000000000,10,18,1
Hybrid alpha=0.6,q31,0.2000000000,0.2857142857,1.0000000000,0.4613226667,1.0000000000,2,7,1
Hybrid alpha=0.6,q32,1.0000000000,0.3125000000,1.0000000000,1.0000000000,1.0000000000,10,32,1
Hybrid alpha=0.6,q33,1.0000000000,0.3333333333,1.0000000000,1.0000000000,1.0000000000,10,30,1
Hybrid alpha=0.6,q34,1.0000000000,0.3125000000,1.0000000000,1.0000000000,1.0000000000,10,32,1
Hybrid alpha=0.6,q35,1.0000000000,0.3846153846,1.0000000000,1.0000000000,1.0000000000,10,26,1
Hybrid alpha=0.6,q36,0.9000000000,0.6000000000,1.0000000000,0.9624847436,1.0000000000,9,15,1
Hybrid alpha=0.6,q37,1.0000000000,0.5882352941,1.0000000000,1.0000000000,1.0000000000,10,17,1
Hybrid alpha=0.6,q38,1.0000000000,0.3125000000,1.0000000000,0.9668728883,1.0000000000,10,32,1
Hybrid alpha=0.6,q39,1.0000000000,0.9090909091,1.0000000000,1.0000000000,1.0000000000,10,11,1
Hybrid alpha=0.6,q40,0.7000000000,0.3500000000,1.0000000000,0.8014083430,1.0000000000,7,20,1
Hybrid alpha=0.6,q41,1.0000000000,0.2222222222,1.0000000000,1.0000000000,1.0000000000,10,45,1
Hybrid alpha=0.6,q42,1.0000000000,0.3333333333,1.0000000000,1.0000000000,1.0000000000,10,30,1
Hybrid alpha=0.6,q43,1.0000000000,0.3846153846,1.0000000000,0.9131666643,1.0000000000,10,26,1
Hybrid alpha=0.6,q44,1.0000000000,0.5882352941,1.0000000000,1.0000000000,1.0000000000,10,17,1
Hybrid alpha=0.6,q45,1.0000000000,0.3225806452,1.0000000000,0.9608008655,1.0000000000,10,31,1
Hybrid alpha=0.6,q46,1.0000000000,0.4545454545,1.0000000000,0.9681896059,1.0000000000,10,22,1
Hybrid alpha=0.6,q47,0.8000000000,0.3809523810,1.0000000000,0.8084973486,1.0000000000,8,21,1
Hybrid alpha=0.6,q48,1.0000000000,0.5882352941,1.0000000000,1.0000000000,1.0000000000,10,17,1
Hybrid alpha=0.6,q49,0.8000000000,0.5714285714,1.0000000000,0.8987134163,1.0000000000,8,14,1
Hybrid alpha=0.6,q50,1.0000000000,0.2439024390,1.0000000000,1.0000000000,1.0000000000,10,41,1
Hybrid alpha=0.6,q51,1.0000000000,0.2857142857,1.0000000000,1.0000000000,1.0000000000,10,35,1
Hybrid alpha=0.6,q52,0.9000000000,0.1304347826,1.0000000000,0.7768315865,1.0000000000,9,69,1
Hybrid alpha=0.6,q53,0.8000000000,0.2352941176,1.0000000000,0.8263333287,1.0000000000,8,34,1
Hybrid alpha=0.6,q54,0.3000000000,0.1200000000,1.0000000000,0.3289175486,1.0000000000,3,25,1
Hybrid alpha=0.6,q55,0.1000000000,0.0714285714,0.3333333333,0.1100458831,1.0000000000,1,14,3
Hybrid alpha=0.6,q56,1.0000000000,0.3571428571,1.0000000000,1.0000000000,1.0000000000,10,28,1
Hybrid alpha=0.6,q57,1.0000000000,0.3125000000,1.0000000000,0.9633180390,1.0000000000,10,32,1
Hybrid alpha=0.6,q58,1.0000000000,0.3846153846,1.0000000000,1.0000000000,1.0000000000,10,26,1
Hybrid alpha=0.6,q59,1.0000000000,1.0000000000,1.0000000000,1.0000000000,1.0000000000,10,10,1
Hybrid alpha=0.6,q60,0.8000000000,0.2500000000,0.5000000000,0.5643772300,1.0000000000,8,32,2
Hybrid alpha=0.8,q01,0.4000000000,0.1428571429,1.0000000000,0.4799240380,1.0000000000,4,28,1
Hybrid alpha=0.8,q02,0.8000000000,0.3636363636,1.0000000000,0.8630152897,1.0000000000,8,22,1
Hybrid alpha=0.8,q03,0.2000000000,0.2222222222,0.1428571429,0.1515477472,1.0000000000,2,9,7
Hybrid alpha=0.8,q04,0.3000000000,0.1875000000,1.0000000000,0.4441183507,1.0000000000,3,16,1
Hybrid alpha=0.8,q05,1.0000000000,1.0000000000,1.0000000000,1.0000000000,1.0000000000,10,10,1
Hybrid alpha=0.8,q06,1.0000000000,0.2857142857,1.0000000000,0.9652843890,1.0000000000,10,35,1
Hybrid alpha=0.8,q07,1.0000000000,0.3333333333,1.0000000000,1.0000000000,1.0000000000,10,30,1
Hybrid alpha=0.8,q08,1.0000000000,0.9090909091,1.0000000000,1.0000000000,1.0000000000,10,11,1
Hybrid alpha=0.8,q09,1.0000000000,0.2631578947,1.0000000000,1.0000000000,1.0000000000,10,38,1
Hybrid alpha=0.8,q10,1.0000000000,0.6250000000,1.0000000000,1.0000000000,1.0000000000,10,16,1
Hybrid alpha=0.8,q11,0.3000000000,0.1875000000,0.5000000000,0.2461651635,1.0000000000,3,16,2
Hybrid alpha=0.8,q12,1.0000000000,0.4166666667,1.0000000000,0.9526058178,1.0000000000,10,24,1
Hybrid alpha=0.8,q13,1.0000000000,0.4166666667,1.0000000000,1.0000000000,1.0000000000,10,24,1
Hybrid alpha=0.8,q14,1.0000000000,0.2941176471,1.0000000000,0.9574284412,1.0000000000,10,34,1
Hybrid alpha=0.8,q15,1.0000000000,0.2631578947,1.0000000000,1.0000000000,1.0000000000,10,38,1
Hybrid alpha=0.8,q16,1.0000000000,0.3448275862,1.0000000000,1.0000000000,1.0000000000,10,29,1
Hybrid alpha=0.8,q17,1.0000000000,0.4545454545,1.0000000000,1.0000000000,1.0000000000,10,22,1
Hybrid alpha=0.8,q18,1.0000000000,0.3703703704,1.0000000000,1.0000000000,1.0000000000,10,27,1
Hybrid alpha=0.8,q19,1.0000000000,0.4545454545,1.0000000000,0.9633180390,1.0000000000,10,22,1
Hybrid alpha=0.8,q20,0.2000000000,0.0869565217,0.3333333333,0.2048342475,1.0000000000,2,23,3
Hybrid alpha=0.8,q21,0.3000000000,0.2307692308,1.0000000000,0.3621108235,1.0000000000,3,13,1
Hybrid alpha=0.8,q22,1.0000000000,0.5263157895,1.0000000000,1.0000000000,1.0000000000,10,19,1
Hybrid alpha=0.8,q23,0.4000000000,0.2857142857,0.5000000000,0.3760082744,1.0000000000,4,14,2
Hybrid alpha=0.8,q24,0.1000000000,0.0285714286,0.1000000000,0.0318103941,1.0000000000,1,35,10
Hybrid alpha=0.8,q25,0.3000000000,0.5000000000,1.0000000000,0.5262238966,1.0000000000,3,6,1
Hybrid alpha=0.8,q26,1.0000000000,0.5263157895,1.0000000000,1.0000000000,1.0000000000,10,19,1
Hybrid alpha=0.8,q27,0.9000000000,0.6428571429,1.0000000000,0.6273829438,1.0000000000,9,14,1
Hybrid alpha=0.8,q28,1.0000000000,0.4347826087,1.0000000000,0.8636649222,1.0000000000,10,23,1
Hybrid alpha=0.8,q29,0.2000000000,0.1176470588,0.1250000000,0.1356854454,1.0000000000,2,17,8
Hybrid alpha=0.8,q30,1.0000000000,0.5555555556,1.0000000000,0.8503865840,1.0000000000,10,18,1
Hybrid alpha=0.8,q31,0.2000000000,0.2857142857,1.0000000000,0.4394564254,1.0000000000,2,7,1
Hybrid alpha=0.8,q32,1.0000000000,0.3125000000,1.0000000000,1.0000000000,1.0000000000,10,32,1
Hybrid alpha=0.8,q33,1.0000000000,0.3333333333,1.0000000000,1.0000000000,1.0000000000,10,30,1
Hybrid alpha=0.8,q34,1.0000000000,0.3125000000,1.0000000000,0.9668728883,1.0000000000,10,32,1
Hybrid alpha=0.8,q35,1.0000000000,0.3846153846,1.0000000000,1.0000000000,1.0000000000,10,26,1
Hybrid alpha=0.8,q36,0.9000000000,0.6000000000,1.0000000000,0.9560311935,1.0000000000,9,15,1
Hybrid alpha=0.8,q37,1.0000000000,0.5882352941,1.0000000000,1.0000000000,1.0000000000,10,17,1
Hybrid alpha=0.8,q38,1.0000000000,0.3125000000,1.0000000000,0.9681896059,1.0000000000,10,32,1
Hybrid alpha=0.8,q39,1.0000000000,0.9090909091,1.0000000000,1.0000000000,1.0000000000,10,11,1
Hybrid alpha=0.8,q40,0.7000000000,0.3500000000,1.0000000000,0.7587812889,1.0000000000,7,20,1
Hybrid alpha=0.8,q41,1.0000000000,0.2222222222,1.0000000000,1.0000000000,1.0000000000,10,45,1
Hybrid alpha=0.8,q42,1.0000000000,0.3333333333,1.0000000000,1.0000000000,1.0000000000,10,30,1
Hybrid alpha=0.8,q43,1.0000000000,0.3846153846,1.0000000000,0.9102614475,1.0000000000,10,26,1
Hybrid alpha=0.8,q44,1.0000000000,0.5882352941,1.0000000000,0.9668728883,1.0000000000,10,17,1
Hybrid alpha=0.8,q45,1.0000000000,0.3225806452,1.0000000000,0.9608008655,1.0000000000,10,31,1
Hybrid alpha=0.8,q46,1.0000000000,0.4545454545,1.0000000000,0.9652843890,1.0000000000,10,22,1
Hybrid alpha=0.8,q47,0.8000000000,0.3809523810,1.0000000000,0.8084973486,1.0000000000,8,21,1
Hybrid alpha=0.8,q48,1.0000000000,0.5882352941,1.0000000000,1.0000000000,1.0000000000,10,17,1
Hybrid alpha=0.8,q49,0.9000000000,0.6428571429,1.0000000000,0.9315689581,1.0000000000,9,14,1
Hybrid alpha=0.8,q50,1.0000000000,0.2439024390,1.0000000000,1.0000000000,1.0000000000,10,41,1
Hybrid alpha=0.8,q51,1.0000000000,0.2857142857,1.0000000000,1.0000000000,1.0000000000,10,35,1
Hybrid alpha=0.8,q52,0.9000000000,0.1304347826,1.0000000000,0.6192589617,1.0000000000,9,69,1
Hybrid alpha=0.8,q53,0.9000000000,0.2647058824,0.5000000000,0.7480978396,1.0000000000,9,34,2
Hybrid alpha=0.8,q54,0.4000000000,0.1600000000,1.0000000000,0.3580153434,1.0000000000,4,25,1
Hybrid alpha=0.8,q55,0.1000000000,0.0714285714,0.3333333333,0.1100458831,1.0000000000,1,14,3
Hybrid alpha=0.8,q56,1.0000000000,0.3571428571,1.0000000000,0.9668728883,1.0000000000,10,28,1
Hybrid alpha=0.8,q57,1.0000000000,0.3125000000,1.0000000000,0.9668728883,1.0000000000,10,32,1
Hybrid alpha=0.8,q58,1.0000000000,0.3846153846,1.0000000000,1.0000000000,1.0000000000,10,26,1
Hybrid alpha=0.8,q59,1.0000000000,1.0000000000,1.0000000000,1.0000000000,1.0000000000,10,10,1
Hybrid alpha=0.8,q60,0.7000000000,0.2187500000,0.5000000000,0.4570953538,1.0000000000,7,32,2
Hybrid alpha=1.0,q01,0.4000000000,0.1428571429,1.0000000000,0.4457875458,1.0000000000,4,28,1
Hybrid alpha=1.0,q02,0.8000000000,0.3636363636,1.0000000000,0.8579809428,1.0000000000,8,22,1
Hybrid alpha=1.0,q03,0.2000000000,0.2222222222,0.1428571429,0.1496739219,1.0000000000,2,9,7
Hybrid alpha=1.0,q04,0.3000000000,0.1875000000,1.0000000000,0.4441183507,1.0000000000,3,16,1
Hybrid alpha=1.0,q05,1.0000000000,1.0000000000,1.0000000000,1.0000000000,1.0000000000,10,10,1
Hybrid alpha=1.0,q06,1.0000000000,0.2857142857,1.0000000000,0.9102614475,1.0000000000,10,35,1
Hybrid alpha=1.0,q07,1.0000000000,0.3333333333,1.0000000000,0.9668728883,1.0000000000,10,30,1
Hybrid alpha=1.0,q08,1.0000000000,0.9090909091,1.0000000000,1.0000000000,1.0000000000,10,11,1
Hybrid alpha=1.0,q09,1.0000000000,0.2631578947,1.0000000000,1.0000000000,1.0000000000,10,38,1
Hybrid alpha=1.0,q10,1.0000000000,0.6250000000,1.0000000000,1.0000000000,1.0000000000,10,16,1
Hybrid alpha=1.0,q11,0.2000000000,0.1250000000,0.5000000000,0.2078087236,1.0000000000,2,16,2
Hybrid alpha=1.0,q12,1.0000000000,0.4166666667,1.0000000000,0.9574284412,1.0000000000,10,24,1
Hybrid alpha=1.0,q13,1.0000000000,0.4166666667,1.0000000000,1.0000000000,1.0000000000,10,24,1
Hybrid alpha=1.0,q14,0.9000000000,0.2647058824,1.0000000000,0.8101497736,1.0000000000,9,34,1
Hybrid alpha=1.0,q15,1.0000000000,0.2631578947,1.0000000000,1.0000000000,1.0000000000,10,38,1
Hybrid alpha=1.0,q16,1.0000000000,0.3448275862,1.0000000000,1.0000000000,1.0000000000,10,29,1
Hybrid alpha=1.0,q17,1.0000000000,0.4545454545,1.0000000000,1.0000000000,1.0000000000,10,22,1
Hybrid alpha=1.0,q18,1.0000000000,0.3703703704,1.0000000000,1.0000000000,1.0000000000,10,27,1
Hybrid alpha=1.0,q19,1.0000000000,0.4545454545,1.0000000000,0.9608008655,1.0000000000,10,22,1
Hybrid alpha=1.0,q20,0.2000000000,0.0869565217,0.3333333333,0.1834098052,1.0000000000,2,23,3
Hybrid alpha=1.0,q21,0.3000000000,0.2307692308,1.0000000000,0.3746661059,1.0000000000,3,13,1
Hybrid alpha=1.0,q22,1.0000000000,0.5263157895,1.0000000000,1.0000000000,1.0000000000,10,19,1
Hybrid alpha=1.0,q23,0.5000000000,0.3571428571,0.5000000000,0.4183472868,1.0000000000,5,14,2
Hybrid alpha=1.0,q24,0.1000000000,0.0285714286,0.1000000000,0.0318103941,1.0000000000,1,35,10
Hybrid alpha=1.0,q25,0.3000000000,0.5000000000,1.0000000000,0.5227348623,1.0000000000,3,6,1
Hybrid alpha=1.0,q26,1.0000000000,0.5263157895,1.0000000000,1.0000000000,1.0000000000,10,19,1
Hybrid alpha=1.0,q27,0.9000000000,0.6428571429,1.0000000000,0.6273829438,1.0000000000,9,14,1
Hybrid alpha=1.0,q28,1.0000000000,0.4347826087,1.0000000000,0.8636649222,1.0000000000,10,23,1
Hybrid alpha=1.0,q29,0.1000000000,0.0588235294,0.1111111111,0.0662542235,1.0000000000,1,17,9
Hybrid alpha=1.0,q30,1.0000000000,0.5555555556,1.0000000000,0.8421915363,1.0000000000,10,18,1
Hybrid alpha=1.0,q31,0.1000000000,0.1428571429,1.0000000000,0.3795837543,1.0000000000,1,7,1
Hybrid alpha=1.0,q32,1.0000000000,0.3125000000,1.0000000000,1.0000000000,1.0000000000,10,32,1
Hybrid alpha=1.0,q33,1.0000000000,0.3333333333,1.0000000000,1.0000000000,1.0000000000,10,30,1
Hybrid alpha=1.0,q34,1.0000000000,0.3125000000,1.0000000000,0.9608008655,1.0000000000,10,32,1
Hybrid alpha=1.0,q35,1.0000000000,0.3846153846,1.0000000000,1.0000000000,1.0000000000,10,26,1
Hybrid alpha=1.0,q36,0.9000000000,0.6000000000,1.0000000000,0.9512540363,1.0000000000,9,15,1
Hybrid alpha=1.0,q37,1.0000000000,0.5882352941,1.0000000000,1.0000000000,1.0000000000,10,17,1
Hybrid alpha=1.0,q38,1.0000000000,0.3125000000,1.0000000000,0.9681896059,1.0000000000,10,32,1
Hybrid alpha=1.0,q39,1.0000000000,0.9090909091,1.0000000000,1.0000000000,1.0000000000,10,11,1
Hybrid alpha=1.0,q40,0.7000000000,0.3500000000,1.0000000000,0.7429775529,1.0000000000,7,20,1
Hybrid alpha=1.0,q41,1.0000000000,0.2222222222,1.0000000000,1.0000000000,1.0000000000,10,45,1
Hybrid alpha=1.0,q42,1.0000000000,0.3333333333,1.0000000000,1.0000000000,1.0000000000,10,30,1
Hybrid alpha=1.0,q43,1.0000000000,0.3846153846,1.0000000000,0.9178902068,1.0000000000,10,26,1
Hybrid alpha=1.0,q44,1.0000000000,0.5882352941,1.0000000000,0.9681896059,1.0000000000,10,17,1
Hybrid alpha=1.0,q45,1.0000000000,0.3225806452,1.0000000000,0.9608008655,1.0000000000,10,31,1
Hybrid alpha=1.0,q46,1.0000000000,0.4545454545,1.0000000000,0.9574284412,1.0000000000,10,22,1
Hybrid alpha=1.0,q47,0.8000000000,0.3809523810,1.0000000000,0.8084973486,1.0000000000,8,21,1
Hybrid alpha=1.0,q48,0.9000000000,0.5294117647,1.0000000000,0.9216017310,1.0000000000,9,17,1
Hybrid alpha=1.0,q49,1.0000000000,0.7142857143,1.0000000000,0.9657844791,1.0000000000,10,14,1
Hybrid alpha=1.0,q50,0.9000000000,0.2195121951,1.0000000000,0.9363792118,1.0000000000,9,41,1
Hybrid alpha=1.0,q51,1.0000000000,0.2857142857,1.0000000000,1.0000000000,1.0000000000,10,35,1
Hybrid alpha=1.0,q52,0.9000000000,0.1304347826,1.0000000000,0.5224148906,1.0000000000,9,69,1
Hybrid alpha=1.0,q53,0.9000000000,0.2647058824,0.5000000000,0.7149707279,1.0000000000,9,34,2
Hybrid alpha=1.0,q54,0.3000000000,0.1200000000,1.0000000000,0.3383619957,1.0000000000,3,25,1
Hybrid alpha=1.0,q55,0.1000000000,0.0714285714,0.2500000000,0.0947883644,1.0000000000,1,14,4
Hybrid alpha=1.0,q56,1.0000000000,0.3571428571,1.0000000000,0.9681896059,1.0000000000,10,28,1
Hybrid alpha=1.0,q57,1.0000000000,0.3125000000,1.0000000000,0.9668728883,1.0000000000,10,32,1
Hybrid alpha=1.0,q58,1.0000000000,0.3846153846,1.0000000000,1.0000000000,1.0000000000,10,26,1
Hybrid alpha=1.0,q59,1.0000000000,1.0000000000,1.0000000000,1.0000000000,1.0000000000,10,10,1
Hybrid alpha=1.0,q60,0.4000000000,0.1250000000,0.5000000000,0.3063365307,1.0000000000,4,32,2
SA-BM25,q01,1.0000000000,0.3571428571,1.0000000000,1.0000000000,1.0000000000,10,28,1
SA-BM25,q02,0.5000000000,0.2272727273,1.0000000000,0.5589658343,1.0000000000,5,22,1
SA-BM25,q03,0.4000000000,0.4444444444,0.5000000000,0.3570205939,1.0000000000,4,9,2
SA-BM25,q04,1.0000000000,0.6250000000,1.0000000000,0.9250878991,1.0000000000,10,16,1
SA-BM25,q05,1.0000000000,1.0000000000,1.0000000000,1.0000000000,1.0000000000,10,10,1
SA-BM25,q06,1.0000000000,0.2857142857,1.0000000000,1.0000000000,1.0000000000,10,35,1
SA-BM25,q07,0.9000000000,0.3000000000,1.0000000000,0.9305687781,1.0000000000,9,30,1
SA-BM25,q08,1.0000000000,0.9090909091,1.0000000000,1.0000000000,1.0000000000,10,11,1
SA-BM25,q09,1.0000000000,0.2631578947,1.0000000000,1.0000000000,1.0000000000,10,38,1
SA-BM25,q10,1.0000000000,0.6250000000,1.0000000000,1.0000000000,1.0000000000,10,16,1
SA-BM25,q11,0.8000000000,0.5000000000,1.0000000000,0.7674027539,1.0000000000,8,16,1
SA-BM25,q12,1.0000000000,0.4166666667,1.0000000000,0.9315076449,1.0000000000,10,24,1
SA-BM25,q13,1.0000000000,0.4166666667,1.0000000000,1.0000000000,1.0000000000,10,24,1
SA-BM25,q14,1.0000000000,0.2941176471,1.0000000000,1.0000000000,1.0000000000,10,34,1
SA-BM25,q15,1.0000000000,0.2631578947,1.0000000000,1.0000000000,1.0000000000,10,38,1
SA-BM25,q16,1.0000000000,0.3448275862,1.0000000000,1.0000000000,1.0000000000,10,29,1
SA-BM25,q17,1.0000000000,0.4545454545,1.0000000000,1.0000000000,1.0000000000,10,22,1
SA-BM25,q18,1.0000000000,0.3703703704,1.0000000000,1.0000000000,1.0000000000,10,27,1
SA-BM25,q19,1.0000000000,0.4545454545,1.0000000000,1.0000000000,1.0000000000,10,22,1
SA-BM25,q20,1.0000000000,0.4347826087,1.0000000000,1.0000000000,1.0000000000,10,23,1
SA-BM25,q21,0.8000000000,0.6153846154,1.0000000000,0.8238161552,1.0000000000,8,13,1
SA-BM25,q22,1.0000000000,0.5263157895,1.0000000000,1.0000000000,1.0000000000,10,19,1
SA-BM25,q23,0.5000000000,0.3571428571,1.0000000000,0.4828570714,1.0000000000,5,14,1
SA-BM25,q24,1.0000000000,0.2857142857,1.0000000000,0.8011638836,1.0000000000,10,35,1
SA-BM25,q25,0.4000000000,0.6666666667,1.0000000000,0.7082100346,1.0000000000,4,6,1
SA-BM25,q26,1.0000000000,0.5263157895,1.0000000000,1.0000000000,1.0000000000,10,19,1
SA-BM25,q27,1.0000000000,0.7142857143,1.0000000000,0.7175022879,1.0000000000,10,14,1
SA-BM25,q28,1.0000000000,0.4347826087,1.0000000000,0.8636649222,1.0000000000,10,23,1
SA-BM25,q29,0.7000000000,0.4117647059,1.0000000000,0.6914035849,1.0000000000,7,17,1
SA-BM25,q30,1.0000000000,0.5555555556,1.0000000000,0.8751679856,1.0000000000,10,18,1
SA-BM25,q31,0.5000000000,0.7142857143,0.5000000000,0.5392621657,1.0000000000,5,7,2
SA-BM25,q32,1.0000000000,0.3125000000,1.0000000000,1.0000000000,1.0000000000,10,32,1
SA-BM25,q33,1.0000000000,0.3333333333,1.0000000000,1.0000000000,1.0000000000,10,30,1
SA-BM25,q34,1.0000000000,0.3125000000,1.0000000000,1.0000000000,1.0000000000,10,32,1
SA-BM25,q35,1.0000000000,0.3846153846,1.0000000000,1.0000000000,1.0000000000,10,26,1
SA-BM25,q36,0.8000000000,0.5333333333,1.0000000000,0.8739466611,1.0000000000,8,15,1
SA-BM25,q37,1.0000000000,0.5882352941,1.0000000000,1.0000000000,1.0000000000,10,17,1
SA-BM25,q38,1.0000000000,0.3125000000,1.0000000000,0.7131550402,1.0000000000,10,32,1
SA-BM25,q39,1.0000000000,0.9090909091,1.0000000000,1.0000000000,1.0000000000,10,11,1
SA-BM25,q40,0.6000000000,0.3000000000,0.5000000000,0.4999465903,1.0000000000,6,20,2
SA-BM25,q41,1.0000000000,0.2222222222,1.0000000000,0.9681896059,1.0000000000,10,45,1
SA-BM25,q42,1.0000000000,0.3333333333,1.0000000000,1.0000000000,1.0000000000,10,30,1
SA-BM25,q43,0.9000000000,0.3461538462,1.0000000000,0.8519750832,1.0000000000,9,26,1
SA-BM25,q44,1.0000000000,0.5882352941,1.0000000000,0.9652843890,1.0000000000,10,17,1
SA-BM25,q45,1.0000000000,0.3225806452,1.0000000000,0.9574284412,1.0000000000,10,31,1
SA-BM25,q46,1.0000000000,0.4545454545,1.0000000000,0.9681896059,1.0000000000,10,22,1
SA-BM25,q47,0.1000000000,0.0476190476,1.0000000000,0.3607790371,1.0000000000,1,21,1
SA-BM25,q48,1.0000000000,0.5882352941,1.0000000000,1.0000000000,1.0000000000,10,17,1
SA-BM25,q49,1.0000000000,0.7142857143,1.0000000000,1.0000000000,1.0000000000,10,14,1
SA-BM25,q50,1.0000000000,0.2439024390,1.0000000000,1.0000000000,1.0000000000,10,41,1
SA-BM25,q51,1.0000000000,0.2857142857,1.0000000000,1.0000000000,1.0000000000,10,35,1
SA-BM25,q52,1.0000000000,0.1449275362,1.0000000000,1.0000000000,1.0000000000,10,69,1
SA-BM25,q53,0.7000000000,0.2058823529,1.0000000000,0.8006937664,1.0000000000,7,34,1
SA-BM25,q54,0.8000000000,0.3200000000,1.0000000000,0.7583176334,1.0000000000,8,25,1
SA-BM25,q55,0.7000000000,0.5000000000,1.0000000000,0.7721596255,1.0000000000,7,14,1
SA-BM25,q56,1.0000000000,0.3571428571,1.0000000000,1.0000000000,1.0000000000,10,28,1
SA-BM25,q57,1.0000000000,0.3125000000,1.0000000000,1.0000000000,1.0000000000,10,32,1
SA-BM25,q58,1.0000000000,0.3846153846,1.0000000000,1.0000000000,1.0000000000,10,26,1
SA-BM25,q59,1.0000000000,1.0000000000,1.0000000000,1.0000000000,1.0000000000,10,10,1
SA-BM25,q60,0.9000000000,0.2812500000,1.0000000000,0.8028099768,1.0000000000,9,32,1
no_explicit_catalog_filter,q01,1.0000000000,0.3571428571,1.0000000000,1.0000000000,1.0000000000,10,28,1
no_explicit_catalog_filter,q02,1.0000000000,0.4545454545,1.0000000000,0.9321572773,1.0000000000,10,22,1
no_explicit_catalog_filter,q03,0.5000000000,0.5555555556,0.5000000000,0.4077460956,1.0000000000,5,9,2
no_explicit_catalog_filter,q04,1.0000000000,0.6250000000,1.0000000000,0.9896136707,1.0000000000,10,16,1
no_explicit_catalog_filter,q05,1.0000000000,1.0000000000,1.0000000000,1.0000000000,1.0000000000,10,10,1
no_explicit_catalog_filter,q06,1.0000000000,0.2857142857,1.0000000000,1.0000000000,1.0000000000,10,35,1
no_explicit_catalog_filter,q07,0.9000000000,0.3000000000,1.0000000000,0.9305687781,1.0000000000,9,30,1
no_explicit_catalog_filter,q08,1.0000000000,0.9090909091,1.0000000000,1.0000000000,1.0000000000,10,11,1
no_explicit_catalog_filter,q09,1.0000000000,0.2631578947,1.0000000000,1.0000000000,1.0000000000,10,38,1
no_explicit_catalog_filter,q10,1.0000000000,0.6250000000,1.0000000000,1.0000000000,1.0000000000,10,16,1
no_explicit_catalog_filter,q11,0.8000000000,0.5000000000,1.0000000000,0.7674027539,1.0000000000,8,16,1
no_explicit_catalog_filter,q12,1.0000000000,0.4166666667,1.0000000000,0.9315076449,1.0000000000,10,24,1
no_explicit_catalog_filter,q13,1.0000000000,0.4166666667,1.0000000000,1.0000000000,1.0000000000,10,24,1
no_explicit_catalog_filter,q14,1.0000000000,0.2941176471,1.0000000000,1.0000000000,1.0000000000,10,34,1
no_explicit_catalog_filter,q15,1.0000000000,0.2631578947,1.0000000000,1.0000000000,1.0000000000,10,38,1
no_explicit_catalog_filter,q16,1.0000000000,0.3448275862,1.0000000000,1.0000000000,1.0000000000,10,29,1
no_explicit_catalog_filter,q17,1.0000000000,0.4545454545,1.0000000000,1.0000000000,1.0000000000,10,22,1
no_explicit_catalog_filter,q18,1.0000000000,0.3703703704,1.0000000000,1.0000000000,1.0000000000,10,27,1
no_explicit_catalog_filter,q19,1.0000000000,0.4545454545,1.0000000000,1.0000000000,1.0000000000,10,22,1
no_explicit_catalog_filter,q20,1.0000000000,0.4347826087,1.0000000000,1.0000000000,1.0000000000,10,23,1
no_explicit_catalog_filter,q21,0.8000000000,0.6153846154,1.0000000000,0.8238161552,1.0000000000,8,13,1
no_explicit_catalog_filter,q22,1.0000000000,0.5263157895,1.0000000000,1.0000000000,1.0000000000,10,19,1
no_explicit_catalog_filter,q23,0.5000000000,0.3571428571,1.0000000000,0.4828570714,1.0000000000,5,14,1
no_explicit_catalog_filter,q24,1.0000000000,0.2857142857,1.0000000000,0.8011638836,1.0000000000,10,35,1
no_explicit_catalog_filter,q25,0.5000000000,0.8333333333,1.0000000000,0.8513288087,1.0000000000,5,6,1
no_explicit_catalog_filter,q26,1.0000000000,0.5263157895,1.0000000000,1.0000000000,1.0000000000,10,19,1
no_explicit_catalog_filter,q27,1.0000000000,0.7142857143,1.0000000000,0.7175022879,1.0000000000,10,14,1
no_explicit_catalog_filter,q28,1.0000000000,0.4347826087,1.0000000000,0.8636649222,1.0000000000,10,23,1
no_explicit_catalog_filter,q29,0.7000000000,0.4117647059,1.0000000000,0.6914035849,1.0000000000,7,17,1
no_explicit_catalog_filter,q30,1.0000000000,0.5555555556,1.0000000000,0.8751679856,1.0000000000,10,18,1
no_explicit_catalog_filter,q31,0.5000000000,0.7142857143,0.5000000000,0.5392621657,1.0000000000,5,7,2
no_explicit_catalog_filter,q32,1.0000000000,0.3125000000,1.0000000000,1.0000000000,1.0000000000,10,32,1
no_explicit_catalog_filter,q33,1.0000000000,0.3333333333,1.0000000000,1.0000000000,1.0000000000,10,30,1
no_explicit_catalog_filter,q34,1.0000000000,0.3125000000,1.0000000000,1.0000000000,1.0000000000,10,32,1
no_explicit_catalog_filter,q35,1.0000000000,0.3846153846,1.0000000000,1.0000000000,1.0000000000,10,26,1
no_explicit_catalog_filter,q36,0.8000000000,0.5333333333,1.0000000000,0.8739466611,1.0000000000,8,15,1
no_explicit_catalog_filter,q37,1.0000000000,0.5882352941,1.0000000000,1.0000000000,1.0000000000,10,17,1
no_explicit_catalog_filter,q38,1.0000000000,0.3125000000,1.0000000000,0.7131550402,1.0000000000,10,32,1
no_explicit_catalog_filter,q39,1.0000000000,0.9090909091,1.0000000000,1.0000000000,1.0000000000,10,11,1
no_explicit_catalog_filter,q40,0.6000000000,0.3000000000,0.5000000000,0.4999465903,1.0000000000,6,20,2
no_explicit_catalog_filter,q41,1.0000000000,0.2222222222,1.0000000000,0.9681896059,1.0000000000,10,45,1
no_explicit_catalog_filter,q42,1.0000000000,0.3333333333,1.0000000000,1.0000000000,1.0000000000,10,30,1
no_explicit_catalog_filter,q43,0.9000000000,0.3461538462,1.0000000000,0.8519750832,1.0000000000,9,26,1
no_explicit_catalog_filter,q44,1.0000000000,0.5882352941,1.0000000000,0.9652843890,1.0000000000,10,17,1
no_explicit_catalog_filter,q45,1.0000000000,0.3225806452,1.0000000000,0.9574284412,1.0000000000,10,31,1
no_explicit_catalog_filter,q46,1.0000000000,0.4545454545,1.0000000000,0.9681896059,1.0000000000,10,22,1
no_explicit_catalog_filter,q47,0.7000000000,0.3333333333,1.0000000000,0.7563530837,1.0000000000,7,21,1
no_explicit_catalog_filter,q48,1.0000000000,0.5882352941,1.0000000000,1.0000000000,1.0000000000,10,17,1
no_explicit_catalog_filter,q49,1.0000000000,0.7142857143,1.0000000000,1.0000000000,1.0000000000,10,14,1
no_explicit_catalog_filter,q50,1.0000000000,0.2439024390,1.0000000000,1.0000000000,1.0000000000,10,41,1
no_explicit_catalog_filter,q51,1.0000000000,0.2857142857,1.0000000000,1.0000000000,1.0000000000,10,35,1
no_explicit_catalog_filter,q52,1.0000000000,0.1449275362,1.0000000000,1.0000000000,1.0000000000,10,69,1
no_explicit_catalog_filter,q53,0.7000000000,0.2058823529,1.0000000000,0.8006937664,1.0000000000,7,34,1
no_explicit_catalog_filter,q54,0.8000000000,0.3200000000,1.0000000000,0.7583176334,1.0000000000,8,25,1
no_explicit_catalog_filter,q55,0.7000000000,0.5000000000,1.0000000000,0.7721596255,1.0000000000,7,14,1
no_explicit_catalog_filter,q56,1.0000000000,0.3571428571,1.0000000000,1.0000000000,1.0000000000,10,28,1
no_explicit_catalog_filter,q57,1.0000000000,0.3125000000,1.0000000000,1.0000000000,1.0000000000,10,32,1
no_explicit_catalog_filter,q58,1.0000000000,0.3846153846,1.0000000000,1.0000000000,1.0000000000,10,26,1
no_explicit_catalog_filter,q59,1.0000000000,1.0000000000,1.0000000000,1.0000000000,1.0000000000,10,10,1
no_explicit_catalog_filter,q60,0.7000000000,0.2187500000,0.3333333333,0.4748598534,1.0000000000,7,32,3
no_structure_bonus,q01,1.0000000000,0.3571428571,1.0000000000,1.0000000000,1.0000000000,10,28,1
no_structure_bonus,q02,0.5000000000,0.2272727273,1.0000000000,0.5589658343,1.0000000000,5,22,1
no_structure_bonus,q03,0.4000000000,0.4444444444,0.5000000000,0.3570205939,1.0000000000,4,9,2
no_structure_bonus,q04,1.0000000000,0.6250000000,1.0000000000,0.9250878991,1.0000000000,10,16,1
no_structure_bonus,q05,1.0000000000,1.0000000000,1.0000000000,1.0000000000,1.0000000000,10,10,1
no_structure_bonus,q06,1.0000000000,0.2857142857,1.0000000000,1.0000000000,1.0000000000,10,35,1
no_structure_bonus,q07,0.9000000000,0.3000000000,1.0000000000,0.9305687781,1.0000000000,9,30,1
no_structure_bonus,q08,1.0000000000,0.9090909091,1.0000000000,1.0000000000,1.0000000000,10,11,1
no_structure_bonus,q09,1.0000000000,0.2631578947,1.0000000000,1.0000000000,1.0000000000,10,38,1
no_structure_bonus,q10,1.0000000000,0.6250000000,1.0000000000,1.0000000000,1.0000000000,10,16,1
no_structure_bonus,q11,0.8000000000,0.5000000000,1.0000000000,0.7674027539,1.0000000000,8,16,1
no_structure_bonus,q12,1.0000000000,0.4166666667,1.0000000000,0.9315076449,1.0000000000,10,24,1
no_structure_bonus,q13,1.0000000000,0.4166666667,1.0000000000,1.0000000000,1.0000000000,10,24,1
no_structure_bonus,q14,1.0000000000,0.2941176471,1.0000000000,1.0000000000,1.0000000000,10,34,1
no_structure_bonus,q15,1.0000000000,0.2631578947,1.0000000000,1.0000000000,1.0000000000,10,38,1
no_structure_bonus,q16,1.0000000000,0.3448275862,1.0000000000,1.0000000000,1.0000000000,10,29,1
no_structure_bonus,q17,1.0000000000,0.4545454545,1.0000000000,1.0000000000,1.0000000000,10,22,1
no_structure_bonus,q18,1.0000000000,0.3703703704,1.0000000000,1.0000000000,1.0000000000,10,27,1
no_structure_bonus,q19,1.0000000000,0.4545454545,1.0000000000,1.0000000000,1.0000000000,10,22,1
no_structure_bonus,q20,1.0000000000,0.4347826087,1.0000000000,1.0000000000,1.0000000000,10,23,1
no_structure_bonus,q21,0.8000000000,0.6153846154,1.0000000000,0.8238161552,1.0000000000,8,13,1
no_structure_bonus,q22,1.0000000000,0.5263157895,1.0000000000,1.0000000000,1.0000000000,10,19,1
no_structure_bonus,q23,0.5000000000,0.3571428571,1.0000000000,0.5599731510,1.0000000000,5,14,1
no_structure_bonus,q24,1.0000000000,0.2857142857,1.0000000000,0.8011638836,1.0000000000,10,35,1
no_structure_bonus,q25,0.4000000000,0.6666666667,1.0000000000,0.7504305042,1.0000000000,4,6,1
no_structure_bonus,q26,1.0000000000,0.5263157895,1.0000000000,1.0000000000,1.0000000000,10,19,1
no_structure_bonus,q27,1.0000000000,0.7142857143,1.0000000000,0.7175022879,1.0000000000,10,14,1
no_structure_bonus,q28,1.0000000000,0.4347826087,1.0000000000,0.8636649222,1.0000000000,10,23,1
no_structure_bonus,q29,0.7000000000,0.4117647059,1.0000000000,0.6914035849,1.0000000000,7,17,1
no_structure_bonus,q30,1.0000000000,0.5555555556,1.0000000000,0.8751679856,1.0000000000,10,18,1
no_structure_bonus,q31,0.5000000000,0.7142857143,0.5000000000,0.5392621657,1.0000000000,5,7,2
no_structure_bonus,q32,1.0000000000,0.3125000000,1.0000000000,1.0000000000,1.0000000000,10,32,1
no_structure_bonus,q33,1.0000000000,0.3333333333,1.0000000000,1.0000000000,1.0000000000,10,30,1
no_structure_bonus,q34,1.0000000000,0.3125000000,1.0000000000,1.0000000000,1.0000000000,10,32,1
no_structure_bonus,q35,1.0000000000,0.3846153846,1.0000000000,1.0000000000,1.0000000000,10,26,1
no_structure_bonus,q36,0.8000000000,0.5333333333,1.0000000000,0.8739466611,1.0000000000,8,15,1
no_structure_bonus,q37,1.0000000000,0.5882352941,1.0000000000,1.0000000000,1.0000000000,10,17,1
no_structure_bonus,q38,1.0000000000,0.3125000000,1.0000000000,0.7854294331,1.0000000000,10,32,1
no_structure_bonus,q39,1.0000000000,0.9090909091,1.0000000000,1.0000000000,1.0000000000,10,11,1
no_structure_bonus,q40,0.6000000000,0.3000000000,0.5000000000,0.4999465903,1.0000000000,6,20,2
no_structure_bonus,q41,1.0000000000,0.2222222222,1.0000000000,0.9681896059,1.0000000000,10,45,1
no_structure_bonus,q42,1.0000000000,0.3333333333,1.0000000000,1.0000000000,1.0000000000,10,30,1
no_structure_bonus,q43,0.9000000000,0.3461538462,1.0000000000,0.8519750832,1.0000000000,9,26,1
no_structure_bonus,q44,1.0000000000,0.5882352941,1.0000000000,0.9652843890,1.0000000000,10,17,1
no_structure_bonus,q45,1.0000000000,0.3225806452,1.0000000000,0.9574284412,1.0000000000,10,31,1
no_structure_bonus,q46,1.0000000000,0.4545454545,1.0000000000,0.9681896059,1.0000000000,10,22,1
no_structure_bonus,q47,0.1000000000,0.0476190476,1.0000000000,0.3607790371,1.0000000000,1,21,1
no_structure_bonus,q48,1.0000000000,0.5882352941,1.0000000000,1.0000000000,1.0000000000,10,17,1
no_structure_bonus,q49,1.0000000000,0.7142857143,1.0000000000,1.0000000000,1.0000000000,10,14,1
no_structure_bonus,q50,1.0000000000,0.2439024390,1.0000000000,1.0000000000,1.0000000000,10,41,1
no_structure_bonus,q51,1.0000000000,0.2857142857,1.0000000000,1.0000000000,1.0000000000,10,35,1
no_structure_bonus,q52,1.0000000000,0.1449275362,1.0000000000,1.0000000000,1.0000000000,10,69,1
no_structure_bonus,q53,0.7000000000,0.2058823529,1.0000000000,0.8006937664,1.0000000000,7,34,1
no_structure_bonus,q54,0.8000000000,0.3200000000,1.0000000000,0.7583176334,1.0000000000,8,25,1
no_structure_bonus,q55,0.7000000000,0.5000000000,1.0000000000,0.7721596255,1.0000000000,7,14,1
no_structure_bonus,q56,1.0000000000,0.3571428571,1.0000000000,1.0000000000,1.0000000000,10,28,1
no_structure_bonus,q57,1.0000000000,0.3125000000,1.0000000000,1.0000000000,1.0000000000,10,32,1
no_structure_bonus,q58,1.0000000000,0.3846153846,1.0000000000,1.0000000000,1.0000000000,10,26,1
no_structure_bonus,q59,1.0000000000,1.0000000000,1.0000000000,1.0000000000,1.0000000000,10,10,1
no_structure_bonus,q60,0.9000000000,0.2812500000,1.0000000000,0.8028099768,1.0000000000,9,32,1
no_structure_index,q01,1.0000000000,0.3571428571,1.0000000000,0.9526058178,1.0000000000,10,28,1
no_structure_index,q02,0.5000000000,0.2272727273,1.0000000000,0.5589658343,1.0000000000,5,22,1
no_structure_index,q03,0.5000000000,0.5555555556,0.5000000000,0.4310488871,1.0000000000,5,9,2
no_structure_index,q04,0.8000000000,0.5000000000,1.0000000000,0.8026022146,1.0000000000,8,16,1
no_structure_index,q05,1.0000000000,1.0000000000,1.0000000000,1.0000000000,1.0000000000,10,10,1
no_structure_index,q06,1.0000000000,0.2857142857,1.0000000000,1.0000000000,1.0000000000,10,35,1
no_structure_index,q07,1.0000000000,0.3333333333,1.0000000000,0.9668728883,1.0000000000,10,30,1
no_structure_index,q08,1.0000000000,0.9090909091,1.0000000000,1.0000000000,1.0000000000,10,11,1
no_structure_index,q09,1.0000000000,0.2631578947,1.0000000000,1.0000000000,1.0000000000,10,38,1
no_structure_index,q10,1.0000000000,0.6250000000,1.0000000000,1.0000000000,1.0000000000,10,16,1
no_structure_index,q11,0.9000000000,0.5625000000,1.0000000000,0.7664015516,1.0000000000,9,16,1
no_structure_index,q12,1.0000000000,0.4166666667,1.0000000000,0.9289904714,1.0000000000,10,24,1
no_structure_index,q13,1.0000000000,0.4166666667,1.0000000000,1.0000000000,1.0000000000,10,24,1
no_structure_index,q14,1.0000000000,0.2941176471,1.0000000000,0.8851021950,1.0000000000,10,34,1
no_structure_index,q15,1.0000000000,0.2631578947,1.0000000000,0.9633180390,1.0000000000,10,38,1
no_structure_index,q16,1.0000000000,0.3448275862,1.0000000000,1.0000000000,1.0000000000,10,29,1
no_structure_index,q17,1.0000000000,0.4545454545,1.0000000000,1.0000000000,1.0000000000,10,22,1
no_structure_index,q18,1.0000000000,0.3703703704,1.0000000000,1.0000000000,1.0000000000,10,27,1
no_structure_index,q19,1.0000000000,0.4545454545,1.0000000000,0.9608008655,1.0000000000,10,22,1
no_structure_index,q20,1.0000000000,0.4347826087,1.0000000000,1.0000000000,1.0000000000,10,23,1
no_structure_index,q21,0.6000000000,0.4615384615,1.0000000000,0.6677916166,1.0000000000,6,13,1
no_structure_index,q22,1.0000000000,0.5263157895,1.0000000000,1.0000000000,1.0000000000,10,19,1
no_structure_index,q23,0.7000000000,0.5000000000,1.0000000000,0.7052764040,1.0000000000,7,14,1
no_structure_index,q24,0.9000000000,0.2571428571,1.0000000000,0.6798867185,1.0000000000,9,35,1
no_structure_index,q25,0.3000000000,0.5000000000,1.0000000000,0.6815566965,1.0000000000,3,6,1
no_structure_index,q26,0.9000000000,0.4736842105,1.0000000000,0.9363792118,1.0000000000,9,19,1
no_structure_index,q27,0.9000000000,0.6428571429,1.0000000000,0.6273829438,1.0000000000,9,14,1
no_structure_index,q28,1.0000000000,0.4347826087,1.0000000000,0.8636649222,1.0000000000,10,23,1
no_structure_index,q29,0.7000000000,0.4117647059,1.0000000000,0.6221092225,1.0000000000,7,17,1
no_structure_index,q30,1.0000000000,0.5555555556,1.0000000000,0.8468806783,1.0000000000,10,18,1
no_structure_index,q31,0.3000000000,0.4285714286,0.5000000000,0.4019918538,1.0000000000,3,7,2
no_structure_index,q32,1.0000000000,0.3125000000,1.0000000000,1.0000000000,1.0000000000,10,32,1
no_structure_index,q33,1.0000000000,0.3333333333,1.0000000000,1.0000000000,1.0000000000,10,30,1
no_structure_index,q34,1.0000000000,0.3125000000,1.0000000000,0.9608008655,1.0000000000,10,32,1
no_structure_index,q35,1.0000000000,0.3846153846,1.0000000000,1.0000000000,1.0000000000,10,26,1
no_structure_index,q36,0.9000000000,0.6000000000,1.0000000000,0.9224642479,1.0000000000,9,15,1
no_structure_index,q37,1.0000000000,0.5882352941,1.0000000000,1.0000000000,1.0000000000,10,17,1
no_structure_index,q38,1.0000000000,0.3125000000,1.0000000000,0.9681896059,1.0000000000,10,32,1
no_structure_index,q39,1.0000000000,0.9090909091,1.0000000000,1.0000000000,1.0000000000,10,11,1
no_structure_index,q40,0.7000000000,0.3500000000,1.0000000000,0.7429775529,1.0000000000,7,20,1
no_structure_index,q41,1.0000000000,0.2222222222,1.0000000000,1.0000000000,1.0000000000,10,45,1
no_structure_index,q42,1.0000000000,0.3333333333,1.0000000000,1.0000000000,1.0000000000,10,30,1
no_structure_index,q43,1.0000000000,0.3846153846,1.0000000000,0.9178902068,1.0000000000,10,26,1
no_structure_index,q44,1.0000000000,0.5882352941,1.0000000000,0.9681896059,1.0000000000,10,17,1
no_structure_index,q45,1.0000000000,0.3225806452,1.0000000000,0.9608008655,1.0000000000,10,31,1
no_structure_index,q46,1.0000000000,0.4545454545,1.0000000000,0.9633180390,1.0000000000,10,22,1
no_structure_index,q47,0.1000000000,0.0476190476,1.0000000000,0.3607790371,1.0000000000,1,21,1
no_structure_index,q48,0.9000000000,0.5294117647,1.0000000000,0.9216017310,1.0000000000,9,17,1
no_structure_index,q49,1.0000000000,0.7142857143,1.0000000000,0.9657844791,1.0000000000,10,14,1
no_structure_index,q50,1.0000000000,0.2439024390,1.0000000000,1.0000000000,1.0000000000,10,41,1
no_structure_index,q51,1.0000000000,0.2857142857,1.0000000000,1.0000000000,1.0000000000,10,35,1
no_structure_index,q52,1.0000000000,0.1449275362,1.0000000000,0.9608008655,1.0000000000,10,69,1
no_structure_index,q53,0.8000000000,0.2352941176,1.0000000000,0.7948833327,1.0000000000,8,34,1
no_structure_index,q54,0.6000000000,0.2400000000,1.0000000000,0.5595261102,1.0000000000,6,25,1
no_structure_index,q55,0.5000000000,0.3571428571,1.0000000000,0.5030529696,1.0000000000,5,14,1
no_structure_index,q56,1.0000000000,0.3571428571,1.0000000000,0.9681896059,1.0000000000,10,28,1
no_structure_index,q57,1.0000000000,0.3125000000,1.0000000000,0.9668728883,1.0000000000,10,32,1
no_structure_index,q58,1.0000000000,0.3846153846,1.0000000000,1.0000000000,1.0000000000,10,26,1
no_structure_index,q59,1.0000000000,1.0000000000,1.0000000000,1.0000000000,1.0000000000,10,10,1
no_structure_index,q60,0.9000000000,0.2812500000,1.0000000000,0.7903138306,1.0000000000,9,32,1
no_year_filter,q01,0.6000000000,0.2142857143,1.0000000000,0.5711601910,1.0000000000,6,28,1
no_year_filter,q02,0.6000000000,0.2727272727,1.0000000000,0.6356335921,1.0000000000,6,22,1
no_year_filter,q03,0.2000000000,0.2222222222,0.5000000000,0.2470195117,1.0000000000,2,9,2
no_year_filter,q04,0.3000000000,0.1875000000,1.0000000000,0.4536495917,1.0000000000,3,16,1
no_year_filter,q05,1.0000000000,1.0000000000,1.0000000000,1.0000000000,1.0000000000,10,10,1
no_year_filter,q06,1.0000000000,0.2857142857,1.0000000000,1.0000000000,1.0000000000,10,35,1
no_year_filter,q07,0.9000000000,0.3000000000,1.0000000000,0.9305687781,1.0000000000,9,30,1
no_year_filter,q08,1.0000000000,0.9090909091,1.0000000000,1.0000000000,1.0000000000,10,11,1
no_year_filter,q09,1.0000000000,0.2631578947,1.0000000000,1.0000000000,1.0000000000,10,38,1
no_year_filter,q10,1.0000000000,0.6250000000,1.0000000000,1.0000000000,1.0000000000,10,16,1
no_year_filter,q11,0.2000000000,0.1250000000,0.2000000000,0.1439704785,1.0000000000,2,16,5
no_year_filter,q12,1.0000000000,0.4166666667,1.0000000000,0.9315076449,1.0000000000,10,24,1
no_year_filter,q13,1.0000000000,0.4166666667,1.0000000000,1.0000000000,1.0000000000,10,24,1
no_year_filter,q14,1.0000000000,0.2941176471,1.0000000000,1.0000000000,1.0000000000,10,34,1
no_year_filter,q15,1.0000000000,0.2631578947,1.0000000000,1.0000000000,1.0000000000,10,38,1
no_year_filter,q16,1.0000000000,0.3448275862,1.0000000000,1.0000000000,1.0000000000,10,29,1
no_year_filter,q17,1.0000000000,0.4545454545,1.0000000000,1.0000000000,1.0000000000,10,22,1
no_year_filter,q18,1.0000000000,0.3703703704,1.0000000000,1.0000000000,1.0000000000,10,27,1
no_year_filter,q19,1.0000000000,0.4545454545,1.0000000000,1.0000000000,1.0000000000,10,22,1
no_year_filter,q20,0.6000000000,0.2608695652,1.0000000000,0.5711601910,1.0000000000,6,23,1
no_year_filter,q21,0.4000000000,0.3076923077,0.3333333333,0.3190952506,1.0000000000,4,13,3
no_year_filter,q22,0.1000000000,0.0526315789,1.0000000000,0.3607790371,1.0000000000,1,19,1
no_year_filter,q23,0.1000000000,0.0714285714,0.1428571429,0.0407420315,1.0000000000,1,14,7
no_year_filter,q24,0.3000000000,0.0857142857,0.1666666667,0.1433357748,1.0000000000,3,35,6
no_year_filter,q25,0.2000000000,0.3333333333,1.0000000000,0.4337693857,1.0000000000,2,6,1
no_year_filter,q26,1.0000000000,0.5263157895,1.0000000000,1.0000000000,1.0000000000,10,19,1
no_year_filter,q27,1.0000000000,0.7142857143,1.0000000000,0.7175022879,1.0000000000,10,14,1
no_year_filter,q28,1.0000000000,0.4347826087,1.0000000000,0.8636649222,1.0000000000,10,23,1
no_year_filter,q29,0.2000000000,0.1176470588,0.3333333333,0.1736666713,1.0000000000,2,17,3
no_year_filter,q30,1.0000000000,0.5555555556,1.0000000000,0.8751679856,1.0000000000,10,18,1
no_year_filter,q31,0.2000000000,0.2857142857,1.0000000000,0.4428477133,1.0000000000,2,7,1
no_year_filter,q32,1.0000000000,0.3125000000,1.0000000000,1.0000000000,1.0000000000,10,32,1
no_year_filter,q33,1.0000000000,0.3333333333,1.0000000000,1.0000000000,1.0000000000,10,30,1
no_year_filter,q34,1.0000000000,0.3125000000,1.0000000000,1.0000000000,1.0000000000,10,32,1
no_year_filter,q35,1.0000000000,0.3846153846,1.0000000000,1.0000000000,1.0000000000,10,26,1
no_year_filter,q36,0.8000000000,0.5333333333,1.0000000000,0.8739466611,1.0000000000,8,15,1
no_year_filter,q37,1.0000000000,0.5882352941,1.0000000000,1.0000000000,1.0000000000,10,17,1
no_year_filter,q38,1.0000000000,0.3125000000,1.0000000000,0.7131550402,1.0000000000,10,32,1
no_year_filter,q39,1.0000000000,0.9090909091,1.0000000000,1.0000000000,1.0000000000,10,11,1
no_year_filter,q40,0.6000000000,0.3000000000,0.5000000000,0.4999465903,1.0000000000,6,20,2
no_year_filter,q41,1.0000000000,0.2222222222,1.0000000000,0.9681896059,1.0000000000,10,45,1
no_year_filter,q42,1.0000000000,0.3333333333,1.0000000000,1.0000000000,1.0000000000,10,30,1
no_year_filter,q43,0.9000000000,0.3461538462,1.0000000000,0.8519750832,1.0000000000,9,26,1
no_year_filter,q44,1.0000000000,0.5882352941,1.0000000000,0.9652843890,1.0000000000,10,17,1
no_year_filter,q45,1.0000000000,0.3225806452,1.0000000000,0.9574284412,1.0000000000,10,31,1
no_year_filter,q46,1.0000000000,0.4545454545,1.0000000000,0.9681896059,1.0000000000,10,22,1
no_year_filter,q47,0.1000000000,0.0476190476,1.0000000000,0.3607790371,1.0000000000,1,21,1
no_year_filter,q48,1.0000000000,0.5882352941,1.0000000000,1.0000000000,1.0000000000,10,17,1
no_year_filter,q49,1.0000000000,0.7142857143,1.0000000000,1.0000000000,1.0000000000,10,14,1
no_year_filter,q50,1.0000000000,0.2439024390,1.0000000000,1.0000000000,1.0000000000,10,41,1
no_year_filter,q51,1.0000000000,0.2857142857,1.0000000000,1.0000000000,1.0000000000,10,35,1
no_year_filter,q52,1.0000000000,0.1449275362,1.0000000000,1.0000000000,1.0000000000,10,69,1
no_year_filter,q53,0.7000000000,0.2058823529,1.0000000000,0.8006937664,1.0000000000,7,34,1
no_year_filter,q54,0.8000000000,0.3200000000,1.0000000000,0.7583176334,1.0000000000,8,25,1
no_year_filter,q55,0.3000000000,0.2142857143,0.2000000000,0.2181951278,1.0000000000,3,14,5
no_year_filter,q56,1.0000000000,0.3571428571,1.0000000000,1.0000000000,1.0000000000,10,28,1
no_year_filter,q57,1.0000000000,0.3125000000,1.0000000000,1.0000000000,1.0000000000,10,32,1
no_year_filter,q58,1.0000000000,0.3846153846,1.0000000000,1.0000000000,1.0000000000,10,26,1
no_year_filter,q59,1.0000000000,1.0000000000,1.0000000000,1.0000000000,1.0000000000,10,10,1
no_year_filter,q60,0.9000000000,0.2812500000,1.0000000000,0.8028099768,1.0000000000,9,32,1
text2vec SA,q01,0.6000000000,0.2142857143,1.0000000000,0.5316863652,1.0000000000,6,28,1
text2vec SA,q02,0.5000000000,0.2272727273,1.0000000000,0.5428183923,1.0000000000,5,22,1
text2vec SA,q03,0.1000000000,0.1111111111,0.1666666667,0.0557844197,1.0000000000,1,9,6
text2vec SA,q04,0.5000000000,0.3125000000,1.0000000000,0.5086441222,1.0000000000,5,16,1
text2vec SA,q05,0.8000000000,0.8000000000,1.0000000000,0.8643145546,1.0000000000,8,10,1
text2vec SA,q06,1.0000000000,0.2857142857,1.0000000000,0.8938868170,1.0000000000,10,35,1
text2vec SA,q07,0.9000000000,0.3000000000,1.0000000000,0.8742075488,1.0000000000,9,30,1
text2vec SA,q08,0.9000000000,0.8181818182,1.0000000000,0.9305687781,1.0000000000,9,11,1
text2vec SA,q09,1.0000000000,0.2631578947,1.0000000000,1.0000000000,1.0000000000,10,38,1
text2vec SA,q10,1.0000000000,0.6250000000,1.0000000000,1.0000000000,1.0000000000,10,16,1
text2vec SA,q11,0.5000000000,0.3125000000,1.0000000000,0.3749724546,1.0000000000,5,16,1
text2vec SA,q12,1.0000000000,0.4166666667,1.0000000000,0.9207464801,1.0000000000,10,24,1
text2vec SA,q13,0.7000000000,0.2916666667,1.0000000000,0.7859162856,1.0000000000,7,24,1
text2vec SA,q14,1.0000000000,0.2941176471,1.0000000000,1.0000000000,1.0000000000,10,34,1
text2vec SA,q15,1.0000000000,0.2631578947,1.0000000000,0.9681896059,1.0000000000,10,38,1
text2vec SA,q16,1.0000000000,0.3448275862,1.0000000000,1.0000000000,1.0000000000,10,29,1
text2vec SA,q17,0.9000000000,0.4090909091,1.0000000000,0.9216017310,1.0000000000,9,22,1
text2vec SA,q18,1.0000000000,0.3703703704,1.0000000000,0.9652843890,1.0000000000,10,27,1
text2vec SA,q19,1.0000000000,0.4545454545,1.0000000000,1.0000000000,1.0000000000,10,22,1
text2vec SA,q20,0.8000000000,0.3478260870,0.5000000000,0.6947651161,1.0000000000,8,23,2
text2vec SA,q21,0.4000000000,0.3076923077,1.0000000000,0.4381081808,1.0000000000,4,13,1
text2vec SA,q22,0.5000000000,0.2631578947,0.5000000000,0.5061638788,1.0000000000,5,19,2
text2vec SA,q23,0.2000000000,0.1428571429,0.5000000000,0.1586001426,1.0000000000,2,14,2
text2vec SA,q24,0.7000000000,0.2000000000,1.0000000000,0.5722743929,1.0000000000,7,35,1
text2vec SA,q25,0.2000000000,0.3333333333,0.1250000000,0.1429036632,1.0000000000,2,6,8
text2vec SA,q26,1.0000000000,0.5263157895,1.0000000000,1.0000000000,1.0000000000,10,19,1
text2vec SA,q27,0.6000000000,0.4285714286,1.0000000000,0.4709859195,1.0000000000,6,14,1
text2vec SA,q28,0.4000000000,0.1739130435,0.3333333333,0.1673546296,1.0000000000,4,23,3
text2vec SA,q29,0.5000000000,0.2941176471,1.0000000000,0.3877503857,1.0000000000,5,17,1
text2vec SA,q30,1.0000000000,0.5555555556,1.0000000000,0.8402251862,1.0000000000,10,18,1
text2vec SA,q31,0.2000000000,0.2857142857,0.2000000000,0.1931668627,1.0000000000,2,7,5
text2vec SA,q32,1.0000000000,0.3125000000,1.0000000000,0.9526058178,1.0000000000,10,32,1
text2vec SA,q33,1.0000000000,0.3333333333,1.0000000000,0.9652843890,1.0000000000,10,30,1
text2vec SA,q34,1.0000000000,0.3125000000,1.0000000000,0.9305687781,1.0000000000,10,32,1
text2vec SA,q35,0.8000000000,0.3076923077,1.0000000000,0.8364586134,1.0000000000,8,26,1
text2vec SA,q36,0.5000000000,0.3333333333,1.0000000000,0.6997777111,1.0000000000,5,15,1
text2vec SA,q37,0.9000000000,0.5294117647,1.0000000000,0.9363792118,1.0000000000,9,17,1
text2vec SA,q38,1.0000000000,0.3125000000,1.0000000000,0.9305687781,1.0000000000,10,32,1
text2vec SA,q39,1.0000000000,0.9090909091,1.0000000000,1.0000000000,1.0000000000,10,11,1
text2vec SA,q40,1.0000000000,0.5000000000,1.0000000000,0.8669028388,1.0000000000,10,20,1
text2vec SA,q41,1.0000000000,0.2222222222,1.0000000000,0.9526058178,1.0000000000,10,45,1
text2vec SA,q42,1.0000000000,0.3333333333,1.0000000000,1.0000000000,1.0000000000,10,30,1
text2vec SA,q43,0.8000000000,0.3076923077,1.0000000000,0.8049088864,1.0000000000,8,26,1
text2vec SA,q44,0.8000000000,0.4705882353,1.0000000000,0.8357804137,1.0000000000,8,17,1
text2vec SA,q45,0.7000000000,0.2258064516,1.0000000000,0.6746597541,1.0000000000,7,31,1
text2vec SA,q46,1.0000000000,0.4545454545,1.0000000000,1.0000000000,1.0000000000,10,22,1
text2vec SA,q47,0.6000000000,0.2857142857,1.0000000000,0.6818065997,1.0000000000,6,21,1
text2vec SA,q48,1.0000000000,0.5882352941,1.0000000000,0.9449770584,1.0000000000,10,17,1
text2vec SA,q49,0.7000000000,0.5000000000,1.0000000000,0.7817705355,1.0000000000,7,14,1
text2vec SA,q50,1.0000000000,0.2439024390,1.0000000000,0.8234281118,1.0000000000,10,41,1
text2vec SA,q51,1.0000000000,0.2857142857,1.0000000000,1.0000000000,1.0000000000,10,35,1
text2vec SA,q52,1.0000000000,0.1449275362,1.0000000000,0.6447614941,1.0000000000,10,69,1
text2vec SA,q53,0.7000000000,0.2058823529,0.5000000000,0.4709426182,1.0000000000,7,34,2
text2vec SA,q54,0.6000000000,0.2400000000,1.0000000000,0.5469172505,1.0000000000,6,25,1
text2vec SA,q55,0.2000000000,0.1428571429,1.0000000000,0.2984900353,1.0000000000,2,14,1
text2vec SA,q56,0.7000000000,0.2500000000,1.0000000000,0.7140318611,1.0000000000,7,28,1
text2vec SA,q57,1.0000000000,0.3125000000,1.0000000000,0.8929581428,1.0000000000,10,32,1
text2vec SA,q58,1.0000000000,0.3846153846,1.0000000000,1.0000000000,1.0000000000,10,26,1
text2vec SA,q59,0.2000000000,0.2000000000,0.1428571429,0.1369847103,1.0000000000,2,10,7
text2vec SA,q60,0.4000000000,0.1250000000,0.3333333333,0.3476293916,1.0000000000,4,32,3
text2vec plain,q01,0.6000000000,0.2142857143,1.0000000000,0.4352896826,1.0000000000,6,28,1
text2vec plain,q02,0.3000000000,0.1363636364,0.5000000000,0.2963025092,1.0000000000,3,22,2
text2vec plain,q03,0.1000000000,0.1111111111,0.1000000000,0.0905389569,1.0000000000,1,9,10
text2vec plain,q04,0.3000000000,0.1875000000,1.0000000000,0.3856126596,1.0000000000,3,16,1
text2vec plain,q05,0.7000000000,0.7000000000,1.0000000000,0.7695261902,1.0000000000,7,10,1
text2vec plain,q06,1.0000000000,0.2857142857,1.0000000000,0.7461409420,1.0000000000,10,35,1
text2vec plain,q07,0.8000000000,0.2666666667,1.0000000000,0.8275534295,1.0000000000,8,30,1
text2vec plain,q08,0.9000000000,0.8181818182,1.0000000000,0.9305687781,1.0000000000,9,11,1
text2vec plain,q09,0.9000000000,0.2368421053,1.0000000000,0.9363792118,1.0000000000,9,38,1
text2vec plain,q10,1.0000000000,0.6250000000,1.0000000000,1.0000000000,1.0000000000,10,16,1
text2vec plain,q11,0.2000000000,0.1250000000,0.3333333333,0.1698897807,1.0000000000,2,16,3
text2vec plain,q12,1.0000000000,0.4166666667,1.0000000000,0.8974416663,1.0000000000,10,24,1
text2vec plain,q13,0.7000000000,0.2916666667,1.0000000000,0.7020898856,1.0000000000,7,24,1
text2vec plain,q14,1.0000000000,0.2941176471,1.0000000000,1.0000000000,1.0000000000,10,34,1
text2vec plain,q15,1.0000000000,0.2631578947,1.0000000000,0.9131666643,1.0000000000,10,38,1
text2vec plain,q16,1.0000000000,0.3448275862,1.0000000000,1.0000000000,1.0000000000,10,29,1
text2vec plain,q17,0.8000000000,0.3636363636,1.0000000000,0.7917063342,1.0000000000,8,22,1
text2vec plain,q18,1.0000000000,0.3703703704,1.0000000000,0.9652843890,1.0000000000,10,27,1
text2vec plain,q19,1.0000000000,0.4545454545,1.0000000000,1.0000000000,1.0000000000,10,22,1
text2vec plain,q20,0.4000000000,0.1739130435,1.0000000000,0.5009732673,1.0000000000,4,23,1
text2vec plain,q21,0.1000000000,0.0769230769,0.1666666667,0.0783982690,1.0000000000,1,13,6
text2vec plain,q22,0.3000000000,0.1578947368,1.0000000000,0.5314987088,1.0000000000,3,19,1
text2vec plain,q23,0.1000000000,0.0714285714,0.2000000000,0.0945670155,1.0000000000,1,14,5
text2vec plain,q24,0.4000000000,0.1142857143,1.0000000000,0.4351098956,1.0000000000,4,35,1
text2vec plain,q25,0.1000000000,0.1666666667,0.1250000000,0.1008983046,1.0000000000,1,6,8
text2vec plain,q26,0.9000000000,0.4736842105,1.0000000000,0.8889850296,1.0000000000,9,19,1
text2vec plain,q27,0.5000000000,0.3571428571,1.0000000000,0.3757240323,1.0000000000,5,14,1
text2vec plain,q28,0.2000000000,0.0869565217,0.2500000000,0.1325372998,1.0000000000,2,23,4
text2vec plain,q29,0.2000000000,0.1176470588,0.2000000000,0.1545743396,1.0000000000,2,17,5
text2vec plain,q30,1.0000000000,0.5555555556,1.0000000000,0.7711623626,1.0000000000,10,18,1
text2vec plain,q31,0.1000000000,0.1428571429,0.1111111111,0.1142660959,1.0000000000,1,7,9
text2vec plain,q32,0.9000000000,0.2812500000,1.0000000000,0.8817297706,1.0000000000,9,32,1
text2vec plain,q33,0.9000000000,0.3000000000,1.0000000000,0.9337457765,1.0000000000,9,30,1
text2vec plain,q34,0.9000000000,0.2812500000,1.0000000000,0.8469124409,1.0000000000,9,32,1
text2vec plain,q35,0.8000000000,0.3076923077,1.0000000000,0.8630152897,1.0000000000,8,26,1
text2vec plain,q36,0.5000000000,0.3333333333,1.0000000000,0.6188850299,1.0000000000,5,15,1
text2vec plain,q37,1.0000000000,0.5882352941,1.0000000000,1.0000000000,1.0000000000,10,17,1
text2vec plain,q38,1.0000000000,0.3125000000,1.0000000000,0.8899541169,1.0000000000,10,32,1
text2vec plain,q39,0.9000000000,0.8181818182,1.0000000000,0.9305687781,1.0000000000,9,11,1
text2vec plain,q40,0.7000000000,0.3500000000,1.0000000000,0.6692730166,1.0000000000,7,20,1
text2vec plain,q41,1.0000000000,0.2222222222,1.0000000000,0.9633180390,1.0000000000,10,45,1
text2vec plain,q42,1.0000000000,0.3333333333,1.0000000000,1.0000000000,1.0000000000,10,30,1
text2vec plain,q43,0.7000000000,0.2692307692,1.0000000000,0.7541058915,1.0000000000,7,26,1
text2vec plain,q44,0.9000000000,0.5294117647,1.0000000000,0.8849197700,1.0000000000,9,17,1
text2vec plain,q45,0.5000000000,0.1612903226,0.2000000000,0.3667803204,1.0000000000,5,31,5
text2vec plain,q46,0.9000000000,0.4090909091,1.0000000000,0.9032521001,1.0000000000,9,22,1
text2vec plain,q47,0.5000000000,0.2380952381,0.5000000000,0.4779456466,1.0000000000,5,21,2
text2vec plain,q48,0.9000000000,0.5294117647,1.0000000000,0.8971800773,1.0000000000,9,17,1
text2vec plain,q49,0.7000000000,0.5000000000,1.0000000000,0.8270009939,1.0000000000,7,14,1
text2vec plain,q50,1.0000000000,0.2439024390,1.0000000000,0.8081834235,1.0000000000,10,41,1
text2vec plain,q51,1.0000000000,0.2857142857,1.0000000000,1.0000000000,1.0000000000,10,35,1
text2vec plain,q52,1.0000000000,0.1449275362,1.0000000000,0.5000000000,1.0000000000,10,69,1
text2vec plain,q53,0.5000000000,0.1470588235,1.0000000000,0.4291411338,1.0000000000,5,34,1
text2vec plain,q54,0.3000000000,0.1200000000,0.5000000000,0.3436966914,1.0000000000,3,25,2
text2vec plain,q55,0.1000000000,0.0714285714,0.3333333333,0.1100458831,1.0000000000,1,14,3
text2vec plain,q56,0.5000000000,0.1785714286,1.0000000000,0.6489315753,1.0000000000,5,28,1
text2vec plain,q57,1.0000000000,0.3125000000,1.0000000000,0.8473825580,1.0000000000,10,32,1
text2vec plain,q58,1.0000000000,0.3846153846,1.0000000000,1.0000000000,1.0000000000,10,26,1
text2vec plain,q59,0.2000000000,0.2000000000,0.3333333333,0.1736666713,1.0000000000,2,10,3
text2vec plain,q60,0.4000000000,0.1250000000,0.5000000000,0.3620222070,1.0000000000,4,32,2
